#
# There is insufficient memory for the Java Runtime Environment to continue.
# Native memory allocation (malloc) failed to allocate 1952912 bytes. Error detail: Chunk::new
# Possible reasons:
#   The system is out of physical RAM or swap space
#   This process is running with CompressedOops enabled, and the Java Heap may be blocking the growth of the native heap
# Possible solutions:
#   Reduce memory load on the system
#   Increase physical memory or swap space
#   Check if swap backing store is full
#   Decrease Java heap size (-Xmx/-Xms)
#   Decrease number of Java threads
#   Decrease Java thread stack sizes (-Xss)
#   Set larger code cache with -XX:ReservedCodeCacheSize=
#   JVM is running with Zero Based Compressed Oops mode in which the Java heap is
#     placed in the first 32GB address space. The Java Heap base address is the
#     maximum limit for the native heap growth. Please use -XX:HeapBaseMinAddress
#     to set the Java Heap base and to place the Java Heap above 32GB virtual address.
# This output file may be truncated or incomplete.
#
#  Out of Memory Error (arena.cpp:168), pid=31136, tid=47692
#
# JRE version: OpenJDK Runtime Environment Temurin-21.0.6+7 (21.0.6+7) (build 21.0.6+7-LTS)
# Java VM: OpenJDK 64-Bit Server VM Temurin-21.0.6+7 (21.0.6+7-LTS, mixed mode, sharing, tiered, compressed oops, compressed class ptrs, g1 gc, windows-amd64)
# No core dump will be written. Minidumps are not enabled by default on client versions of Windows
#

---------------  S U M M A R Y ------------

Command Line: --add-opens=java.base/java.lang=ALL-UNNAMED --add-opens=java.base/java.lang.invoke=ALL-UNNAMED --add-opens=java.base/java.util=ALL-UNNAMED --add-opens=java.prefs/java.util.prefs=ALL-UNNAMED --add-exports=jdk.compiler/com.sun.tools.javac.api=ALL-UNNAMED --add-exports=jdk.compiler/com.sun.tools.javac.util=ALL-UNNAMED --add-opens=java.base/java.util=ALL-UNNAMED --add-opens=java.prefs/java.util.prefs=ALL-UNNAMED --add-opens=java.base/java.nio.charset=ALL-UNNAMED --add-opens=java.base/java.net=ALL-UNNAMED --add-opens=java.base/java.util.concurrent.atomic=ALL-UNNAMED --add-opens=java.xml/javax.xml.namespace=ALL-UNNAMED -Xmx3g -Dfile.encoding=UTF-8 -Duser.country=US -Duser.language=en -Duser.variant -javaagent:C:\Users\DELL\.gradle\wrapper\dists\gradle-8.14.3-all\10utluxaxniiv4wxiphsi49nj\gradle-8.14.3\lib\agents\gradle-instrumentation-agent-8.14.3.jar org.gradle.launcher.daemon.bootstrap.GradleDaemon 8.14.3

Host: 13th Gen Intel(R) Core(TM) i7-1355U, 12 cores, 31G,  Windows 11 , 64 bit Build 26100 (10.0.26100.9168)
Time: Fri Aug 21 06:38:32 2026 E. Africa Standard Time elapsed time: 52.476894 seconds (0d 0h 0m 52s)

---------------  T H R E A D  ---------------

Current thread (0x0000029995de12b0):  JavaThread "C2 CompilerThread2" daemon [_thread_in_native, id=47692, stack(0x000000f1bcc00000,0x000000f1bcd00000) (1024K)]


Current CompileTask:
C2:52476 16046       4       com.android.tools.r8.internal.ot::a (4509 bytes)

Stack: [0x000000f1bcc00000,0x000000f1bcd00000]
Native frames: (J=compiled Java code, j=interpreted, Vv=VM code, C=native code)
V  [jvm.dll+0x6cdee9]
V  [jvm.dll+0x8a83d1]
V  [jvm.dll+0x8aa8fe]
V  [jvm.dll+0x8aafe3]
V  [jvm.dll+0x27f706]
V  [jvm.dll+0xc500d]
V  [jvm.dll+0xc5543]
V  [jvm.dll+0x3b678c]
V  [jvm.dll+0x1e0009]
V  [jvm.dll+0x247b42]
V  [jvm.dll+0x246fcf]
V  [jvm.dll+0x1c75ee]
V  [jvm.dll+0x25685a]
V  [jvm.dll+0x254dfa]
V  [jvm.dll+0x3f0256]
V  [jvm.dll+0x851f8b]
V  [jvm.dll+0x6cc5ed]
C  [ucrtbase.dll+0x2cd30]
C  [KERNEL32.DLL+0x2ccb7]
C  [ntdll.dll+0xaad6c]


---------------  P R O C E S S  ---------------

Threads class SMR info:
_java_thread_list=0x00000299986d4410, length=170, elements={
0x000002992caeb240, 0x000002994af80530, 0x000002994af80f80, 0x000002994af85d80,
0x000002994af87c70, 0x000002994af886c0, 0x000002994af89110, 0x000002994af91ea0,
0x000002994af92d30, 0x000002998c179b40, 0x000002998c3ad780, 0x00000299914ed280,
0x00000299920e04c0, 0x0000029992108550, 0x0000029992215340, 0x00000299921877b0,
0x000002999215faa0, 0x000002999215aee0, 0x00000299921cfd70, 0x00000299921d5f30,
0x00000299921d72e0, 0x00000299921d7970, 0x00000299921d8000, 0x00000299921d8d20,
0x00000299921d6c50, 0x00000299921d65c0, 0x00000299921d58a0, 0x00000299935920b0,
0x0000029993592740, 0x0000029993593af0, 0x0000029993593460, 0x0000029993592dd0,
0x0000029993594810, 0x0000029993591390, 0x0000029993594ea0, 0x0000029993591a20,
0x0000029993595530, 0x0000029993598320, 0x0000029993596250, 0x0000029993595bc0,
0x0000029993597600, 0x0000029993597c90, 0x00000299935989b0, 0x00000299935968e0,
0x0000029993596f70, 0x000002999614e130, 0x000002999614ee50, 0x000002999614d410,
0x000002999614daa0, 0x000002999614f4e0, 0x000002999614c6f0, 0x000002999614cd80,
0x000002999614e7c0, 0x000002999614c060, 0x0000029994168240, 0x0000029994169c80,
0x000002999416a310, 0x00000299941688d0, 0x0000029994168f60, 0x000002999416a9a0,
0x00000299941695f0, 0x0000029994167520, 0x0000029994167bb0, 0x000002999416bd50,
0x000002999416b030, 0x00000299949b8280, 0x00000299949ba350, 0x0000029996ba83e0,
0x0000029996ba8a70, 0x0000029996bad2a0, 0x0000029996bab1d0, 0x0000029996babef0,
0x0000029996bad930, 0x0000029996badfc0, 0x0000029996bae650, 0x0000029996bac580,
0x0000029996bacc10, 0x0000029997828c90, 0x0000029997829320, 0x000002999782ad60,
0x000002999782b3f0, 0x0000029997827f70, 0x00000299978299b0, 0x000002999782a6d0,
0x0000029997828600, 0x000002999782db50, 0x000002999782ce30, 0x000002999782d4c0,
0x000002999782e1e0, 0x000002999782ef00, 0x000002999782e870, 0x000002999782c7a0,
0x000002999782ba80, 0x000002999782c110, 0x000002999782f590, 0x0000029997394dc0,
0x00000299973988d0, 0x0000029997398f60, 0x00000299973995f0, 0x0000029997396170,
0x0000029997399c80, 0x000002999739a310, 0x000002999739a9a0, 0x000002999739b030,
0x000002999739b6c0, 0x0000029996ba9100, 0x0000029996ba7030, 0x0000029996ba9e20,
0x0000029996baa4b0, 0x0000029996ba7d50, 0x00000299949bbd90, 0x00000299949bc420,
0x00000299981e91e0, 0x00000299981e6a80, 0x00000299981e7110, 0x00000299981e84c0,
0x00000299981e5d60, 0x00000299981e63f0, 0x00000299981e77a0, 0x00000299981e7e30,
0x00000299981e8b50, 0x00000299969b57f0, 0x00000299969b4440, 0x00000299969b6510,
0x00000299969b6ba0, 0x00000299969b5e80, 0x00000299969b3db0, 0x00000299969b7f50,
0x00000299969b5160, 0x00000299969b7230, 0x00000299969b78c0, 0x00000299969b4ad0,
0x00000299969bb3d0, 0x00000299969b85e0, 0x00000299969b8c70, 0x00000299969b9990,
0x00000299969b9300, 0x00000299969ba020, 0x00000299969ba6b0, 0x00000299969bad40,
0x0000029996ba9790, 0x0000029996ba76c0, 0x00000299981d63e0, 0x00000299981d7100,
0x00000299981d6a70, 0x00000299981d7e20, 0x00000299981d7790, 0x00000299981d84b0,
0x00000299981d8b40, 0x00000299981d91d0, 0x00000299981d5d50, 0x00000299981dac10,
0x00000299981db2a0, 0x00000299981dcce0, 0x00000299981dbfc0, 0x00000299981dd370,
0x00000299981da580, 0x00000299981db930, 0x00000299981dc650, 0x00000299981d9ef0,
0x00000299981e0160, 0x00000299981e07f0, 0x00000299981e0e80, 0x00000299981de090,
0x00000299981dda00, 0x00000299981e1510, 0x00000299981dfad0, 0x00000299981e1ba0,
0x0000029995ddd560, 0x0000029995de12b0
}

Java Threads: ( => current thread )
  0x000002992caeb240 JavaThread "main"                              [_thread_blocked, id=26420, stack(0x000000f1b1100000,0x000000f1b1200000) (1024K)]
  0x000002994af80530 JavaThread "Reference Handler"          daemon [_thread_blocked, id=50672, stack(0x000000f1b1900000,0x000000f1b1a00000) (1024K)]
  0x000002994af80f80 JavaThread "Finalizer"                  daemon [_thread_blocked, id=35832, stack(0x000000f1b1a00000,0x000000f1b1b00000) (1024K)]
  0x000002994af85d80 JavaThread "Signal Dispatcher"          daemon [_thread_blocked, id=54312, stack(0x000000f1b1b00000,0x000000f1b1c00000) (1024K)]
  0x000002994af87c70 JavaThread "Attach Listener"            daemon [_thread_blocked, id=26308, stack(0x000000f1b1c00000,0x000000f1b1d00000) (1024K)]
  0x000002994af886c0 JavaThread "Service Thread"             daemon [_thread_blocked, id=40204, stack(0x000000f1b1d00000,0x000000f1b1e00000) (1024K)]
  0x000002994af89110 JavaThread "Monitor Deflation Thread"   daemon [_thread_blocked, id=28172, stack(0x000000f1b1e00000,0x000000f1b1f00000) (1024K)]
  0x000002994af91ea0 JavaThread "C2 CompilerThread0"         daemon [_thread_in_native, id=45268, stack(0x000000f1b1f00000,0x000000f1b2000000) (1024K)]
  0x000002994af92d30 JavaThread "C1 CompilerThread0"         daemon [_thread_blocked, id=42832, stack(0x000000f1b2000000,0x000000f1b2100000) (1024K)]
  0x000002998c179b40 JavaThread "Common-Cleaner"             daemon [_thread_blocked, id=27764, stack(0x000000f1b2100000,0x000000f1b2200000) (1024K)]
  0x000002998c3ad780 JavaThread "Notification Thread"        daemon [_thread_blocked, id=48184, stack(0x000000f1b2200000,0x000000f1b2300000) (1024K)]
  0x00000299914ed280 JavaThread "Daemon health stats"               [_thread_blocked, id=7304, stack(0x000000f1b2400000,0x000000f1b2500000) (1024K)]
  0x00000299920e04c0 JavaThread "Incoming local TCP Connector on port 8903"        [_thread_in_native, id=20580, stack(0x000000f1b2300000,0x000000f1b2400000) (1024K)]
  0x0000029992108550 JavaThread "Daemon periodic checks"            [_thread_blocked, id=16964, stack(0x000000f1b2e00000,0x000000f1b2f00000) (1024K)]
  0x0000029992215340 JavaThread "Daemon"                            [_thread_blocked, id=30804, stack(0x000000f1b2f00000,0x000000f1b3000000) (1024K)]
  0x00000299921877b0 JavaThread "Handler for socket connection from /127.0.0.1:8903 to /127.0.0.1:8904"        [_thread_in_native, id=44176, stack(0x000000f1b3000000,0x000000f1b3100000) (1024K)]
  0x000002999215faa0 JavaThread "Cancel handler"                    [_thread_blocked, id=40480, stack(0x000000f1b3100000,0x000000f1b3200000) (1024K)]
  0x000002999215aee0 JavaThread "Daemon worker"                     [_thread_blocked, id=8692, stack(0x000000f1b3200000,0x000000f1b3300000) (1024K)]
  0x00000299921cfd70 JavaThread "Asynchronous log dispatcher for DefaultDaemonConnection: socket connection from /127.0.0.1:8903 to /127.0.0.1:8904"        [_thread_blocked, id=32068, stack(0x000000f1b3300000,0x000000f1b3400000) (1024K)]
  0x00000299921d5f30 JavaThread "Stdin handler"                     [_thread_blocked, id=26592, stack(0x000000f1b3400000,0x000000f1b3500000) (1024K)]
  0x00000299921d72e0 JavaThread "Daemon client event forwarder"        [_thread_blocked, id=54912, stack(0x000000f1b3500000,0x000000f1b3600000) (1024K)]
  0x00000299921d7970 JavaThread "Cache worker for journal cache (C:\Users\DELL\.gradle\caches\journal-1)"        [_thread_blocked, id=33592, stack(0x000000f1b3600000,0x000000f1b3700000) (1024K)]
  0x00000299921d8000 JavaThread "File lock request listener"        [_thread_in_native, id=49348, stack(0x000000f1b3700000,0x000000f1b3800000) (1024K)]
  0x00000299921d8d20 JavaThread "Cache worker for file hash cache (C:\Users\DELL\.gradle\caches\8.14.3\fileHashes)"        [_thread_blocked, id=46356, stack(0x000000f1b3800000,0x000000f1b3900000) (1024K)]
  0x00000299921d6c50 JavaThread "Cache worker for file hash cache (C:\Users\DELL\dev\365plus\.gradle\8.14.3\fileHashes)"        [_thread_blocked, id=21256, stack(0x000000f1b3c00000,0x000000f1b3d00000) (1024K)]
  0x00000299921d65c0 JavaThread "Cache worker for Build Output Cleanup Cache (C:\Users\DELL\dev\365plus\.gradle\buildOutputCleanup)"        [_thread_blocked, id=9928, stack(0x000000f1b3d00000,0x000000f1b3e00000) (1024K)]
  0x00000299921d58a0 JavaThread "File watcher server"        daemon [_thread_in_native, id=20240, stack(0x000000f1b3900000,0x000000f1b3a00000) (1024K)]
  0x00000299935920b0 JavaThread "File watcher consumer"      daemon [_thread_blocked, id=25428, stack(0x000000f1b3e00000,0x000000f1b3f00000) (1024K)]
  0x0000029993592740 JavaThread "Cache worker for checksums cache (C:\Users\DELL\dev\365plus\.gradle\8.14.3\checksums)"        [_thread_blocked, id=39256, stack(0x000000f1b4000000,0x000000f1b4100000) (1024K)]
  0x0000029993593af0 JavaThread "Cache worker for file content cache (C:\Users\DELL\.gradle\caches\8.14.3\fileContent)"        [_thread_blocked, id=45908, stack(0x000000f1b4100000,0x000000f1b4200000) (1024K)]
  0x0000029993593460 JavaThread "Cache worker for cache directory md-supplier (C:\Users\DELL\.gradle\caches\8.14.3\md-supplier)"        [_thread_blocked, id=23408, stack(0x000000f1b4200000,0x000000f1b4300000) (1024K)]
  0x0000029993592dd0 JavaThread "Cache worker for cache directory md-rule (C:\Users\DELL\.gradle\caches\8.14.3\md-rule)"        [_thread_blocked, id=37920, stack(0x000000f1b4300000,0x000000f1b4400000) (1024K)]
  0x0000029993594810 JavaThread "Unconstrained build operations"        [_thread_blocked, id=22924, stack(0x000000f1b3f00000,0x000000f1b4000000) (1024K)]
  0x0000029993591390 JavaThread "Unconstrained build operations Thread 2"        [_thread_blocked, id=53548, stack(0x000000f1b4400000,0x000000f1b4500000) (1024K)]
  0x0000029993594ea0 JavaThread "Unconstrained build operations Thread 3"        [_thread_blocked, id=40400, stack(0x000000f1b4500000,0x000000f1b4600000) (1024K)]
  0x0000029993591a20 JavaThread "Unconstrained build operations Thread 4"        [_thread_blocked, id=47484, stack(0x000000f1b4600000,0x000000f1b4700000) (1024K)]
  0x0000029993595530 JavaThread "Unconstrained build operations Thread 5"        [_thread_in_Java, id=52920, stack(0x000000f1b4700000,0x000000f1b4800000) (1024K)]
  0x0000029993598320 JavaThread "Unconstrained build operations Thread 6"        [_thread_blocked, id=49764, stack(0x000000f1b4800000,0x000000f1b4900000) (1024K)]
  0x0000029993596250 JavaThread "Unconstrained build operations Thread 7"        [_thread_blocked, id=46188, stack(0x000000f1b4900000,0x000000f1b4a00000) (1024K)]
  0x0000029993595bc0 JavaThread "Unconstrained build operations Thread 8"        [_thread_blocked, id=54348, stack(0x000000f1b4a00000,0x000000f1b4b00000) (1024K)]
  0x0000029993597600 JavaThread "Unconstrained build operations Thread 9"        [_thread_blocked, id=37784, stack(0x000000f1b4b00000,0x000000f1b4c00000) (1024K)]
  0x0000029993597c90 JavaThread "Unconstrained build operations Thread 10"        [_thread_blocked, id=29732, stack(0x000000f1b4c00000,0x000000f1b4d00000) (1024K)]
  0x00000299935989b0 JavaThread "Unconstrained build operations Thread 11"        [_thread_blocked, id=35164, stack(0x000000f1b4d00000,0x000000f1b4e00000) (1024K)]
  0x00000299935968e0 JavaThread "Unconstrained build operations Thread 12"        [_thread_in_vm, id=9836, stack(0x000000f1b4e00000,0x000000f1b4f00000) (1024K)]
  0x0000029993596f70 JavaThread "Unconstrained build operations Thread 13"        [_thread_blocked, id=36500, stack(0x000000f1b4f00000,0x000000f1b5000000) (1024K)]
  0x000002999614e130 JavaThread "Unconstrained build operations Thread 14"        [_thread_in_Java, id=29832, stack(0x000000f1b5000000,0x000000f1b5100000) (1024K)]
  0x000002999614ee50 JavaThread "Unconstrained build operations Thread 15"        [_thread_blocked, id=31060, stack(0x000000f1b5100000,0x000000f1b5200000) (1024K)]
  0x000002999614d410 JavaThread "Unconstrained build operations Thread 16"        [_thread_blocked, id=17292, stack(0x000000f1b5200000,0x000000f1b5300000) (1024K)]
  0x000002999614daa0 JavaThread "Unconstrained build operations Thread 17"        [_thread_blocked, id=27492, stack(0x000000f1b5300000,0x000000f1b5400000) (1024K)]
  0x000002999614f4e0 JavaThread "Unconstrained build operations Thread 18"        [_thread_blocked, id=36636, stack(0x000000f1b5400000,0x000000f1b5500000) (1024K)]
  0x000002999614c6f0 JavaThread "Unconstrained build operations Thread 19"        [_thread_blocked, id=952, stack(0x000000f1b5500000,0x000000f1b5600000) (1024K)]
  0x000002999614cd80 JavaThread "Unconstrained build operations Thread 20"        [_thread_blocked, id=42752, stack(0x000000f1b5600000,0x000000f1b5700000) (1024K)]
  0x000002999614e7c0 JavaThread "Unconstrained build operations Thread 21"        [_thread_blocked, id=45620, stack(0x000000f1b5700000,0x000000f1b5800000) (1024K)]
  0x000002999614c060 JavaThread "Unconstrained build operations Thread 22"        [_thread_blocked, id=16048, stack(0x000000f1b5800000,0x000000f1b5900000) (1024K)]
  0x0000029994168240 JavaThread "Unconstrained build operations Thread 23"        [_thread_blocked, id=46392, stack(0x000000f1b5a00000,0x000000f1b5b00000) (1024K)]
  0x0000029994169c80 JavaThread "Unconstrained build operations Thread 24"        [_thread_blocked, id=30676, stack(0x000000f1b5b00000,0x000000f1b5c00000) (1024K)]
  0x000002999416a310 JavaThread "Unconstrained build operations Thread 25"        [_thread_blocked, id=29588, stack(0x000000f1b5c00000,0x000000f1b5d00000) (1024K)]
  0x00000299941688d0 JavaThread "Unconstrained build operations Thread 26"        [_thread_blocked, id=8176, stack(0x000000f1b5d00000,0x000000f1b5e00000) (1024K)]
  0x0000029994168f60 JavaThread "Unconstrained build operations Thread 27"        [_thread_blocked, id=46008, stack(0x000000f1b5e00000,0x000000f1b5f00000) (1024K)]
  0x000002999416a9a0 JavaThread "Unconstrained build operations Thread 28"        [_thread_blocked, id=46708, stack(0x000000f1b5f00000,0x000000f1b6000000) (1024K)]
  0x00000299941695f0 JavaThread "Unconstrained build operations Thread 29"        [_thread_blocked, id=38184, stack(0x000000f1b6000000,0x000000f1b6100000) (1024K)]
  0x0000029994167520 JavaThread "Unconstrained build operations Thread 30"        [_thread_blocked, id=50952, stack(0x000000f1b6100000,0x000000f1b6200000) (1024K)]
  0x0000029994167bb0 JavaThread "Unconstrained build operations Thread 31"        [_thread_blocked, id=22552, stack(0x000000f1b6200000,0x000000f1b6300000) (1024K)]
  0x000002999416bd50 JavaThread "Unconstrained build operations Thread 32"        [_thread_blocked, id=14296, stack(0x000000f1b6300000,0x000000f1b6400000) (1024K)]
  0x000002999416b030 JavaThread "Unconstrained build operations Thread 33"        [_thread_blocked, id=54292, stack(0x000000f1b6400000,0x000000f1b6500000) (1024K)]
  0x00000299949b8280 JavaThread "Memory manager"                    [_thread_blocked, id=44376, stack(0x000000f1b6500000,0x000000f1b6600000) (1024K)]
  0x00000299949ba350 JavaThread "build event listener"              [_thread_blocked, id=41952, stack(0x000000f1b6700000,0x000000f1b6800000) (1024K)]
  0x0000029996ba83e0 JavaThread "included builds"                   [_thread_blocked, id=37128, stack(0x000000f1b6600000,0x000000f1b6700000) (1024K)]
  0x0000029996ba8a70 JavaThread "Execution worker"                  [_thread_blocked, id=42904, stack(0x000000f1b6800000,0x000000f1b6900000) (1024K)]
  0x0000029996bad2a0 JavaThread "Execution worker Thread 2"         [_thread_blocked, id=33628, stack(0x000000f1b6900000,0x000000f1b6a00000) (1024K)]
  0x0000029996bab1d0 JavaThread "Execution worker Thread 3"         [_thread_blocked, id=52072, stack(0x000000f1b6a00000,0x000000f1b6b00000) (1024K)]
  0x0000029996babef0 JavaThread "Execution worker Thread 4"         [_thread_blocked, id=45592, stack(0x000000f1b6b00000,0x000000f1b6c00000) (1024K)]
  0x0000029996bad930 JavaThread "Execution worker Thread 5"         [_thread_blocked, id=13552, stack(0x000000f1b6c00000,0x000000f1b6d00000) (1024K)]
  0x0000029996badfc0 JavaThread "Execution worker Thread 6"         [_thread_blocked, id=40160, stack(0x000000f1b6d00000,0x000000f1b6e00000) (1024K)]
  0x0000029996bae650 JavaThread "Execution worker Thread 7"         [_thread_blocked, id=39620, stack(0x000000f1b6e00000,0x000000f1b6f00000) (1024K)]
  0x0000029996bac580 JavaThread "Execution worker Thread 8"         [_thread_blocked, id=39952, stack(0x000000f1b6f00000,0x000000f1b7000000) (1024K)]
  0x0000029996bacc10 JavaThread "Execution worker Thread 9"         [_thread_blocked, id=36072, stack(0x000000f1b7000000,0x000000f1b7100000) (1024K)]
  0x0000029997828c90 JavaThread "Execution worker Thread 10"        [_thread_blocked, id=20704, stack(0x000000f1b7100000,0x000000f1b7200000) (1024K)]
  0x0000029997829320 JavaThread "Execution worker Thread 11"        [_thread_blocked, id=21552, stack(0x000000f1b7200000,0x000000f1b7300000) (1024K)]
  0x000002999782ad60 JavaThread "Cache worker for execution history cache (C:\Users\DELL\dev\365plus\.gradle\8.14.3\executionHistory)"        [_thread_blocked, id=21136, stack(0x000000f1b7300000,0x000000f1b7400000) (1024K)]
  0x000002999782b3f0 JavaThread "Unconstrained build operations Thread 34"        [_thread_blocked, id=1408, stack(0x000000f1b7500000,0x000000f1b7600000) (1024K)]
  0x0000029997827f70 JavaThread "Unconstrained build operations Thread 35"        [_thread_blocked, id=23560, stack(0x000000f1b7600000,0x000000f1b7700000) (1024K)]
  0x00000299978299b0 JavaThread "Unconstrained build operations Thread 36"        [_thread_blocked, id=50212, stack(0x000000f1b7700000,0x000000f1b7800000) (1024K)]
  0x000002999782a6d0 JavaThread "Unconstrained build operations Thread 37"        [_thread_blocked, id=54072, stack(0x000000f1b7800000,0x000000f1b7900000) (1024K)]
  0x0000029997828600 JavaThread "Unconstrained build operations Thread 38"        [_thread_blocked, id=31896, stack(0x000000f1b7900000,0x000000f1b7a00000) (1024K)]
  0x000002999782db50 JavaThread "Unconstrained build operations Thread 39"        [_thread_blocked, id=41468, stack(0x000000f1b7a00000,0x000000f1b7b00000) (1024K)]
  0x000002999782ce30 JavaThread "Unconstrained build operations Thread 40"        [_thread_blocked, id=11004, stack(0x000000f1b7b00000,0x000000f1b7c00000) (1024K)]
  0x000002999782d4c0 JavaThread "Unconstrained build operations Thread 41"        [_thread_blocked, id=34520, stack(0x000000f1b7c00000,0x000000f1b7d00000) (1024K)]
  0x000002999782e1e0 JavaThread "Unconstrained build operations Thread 42"        [_thread_blocked, id=22396, stack(0x000000f1b7d00000,0x000000f1b7e00000) (1024K)]
  0x000002999782ef00 JavaThread "Unconstrained build operations Thread 43"        [_thread_blocked, id=54704, stack(0x000000f1b7e00000,0x000000f1b7f00000) (1024K)]
  0x000002999782e870 JavaThread "Unconstrained build operations Thread 44"        [_thread_blocked, id=52340, stack(0x000000f1b7f00000,0x000000f1b8000000) (1024K)]
  0x000002999782c7a0 JavaThread "Unconstrained build operations Thread 45"        [_thread_blocked, id=50364, stack(0x000000f1b8000000,0x000000f1b8100000) (1024K)]
  0x000002999782ba80 JavaThread "Unconstrained build operations Thread 46"        [_thread_blocked, id=49864, stack(0x000000f1b8100000,0x000000f1b8200000) (1024K)]
  0x000002999782c110 JavaThread "Unconstrained build operations Thread 47"        [_thread_blocked, id=34828, stack(0x000000f1b8200000,0x000000f1b8300000) (1024K)]
  0x000002999782f590 JavaThread "Unconstrained build operations Thread 48"        [_thread_blocked, id=45100, stack(0x000000f1b8300000,0x000000f1b8400000) (1024K)]
  0x0000029997394dc0 JavaThread "Unconstrained build operations Thread 49"        [_thread_blocked, id=31004, stack(0x000000f1b8400000,0x000000f1b8500000) (1024K)]
  0x00000299973988d0 JavaThread "Unconstrained build operations Thread 50"        [_thread_blocked, id=25132, stack(0x000000f1b8500000,0x000000f1b8600000) (1024K)]
  0x0000029997398f60 JavaThread "Unconstrained build operations Thread 51"        [_thread_blocked, id=53432, stack(0x000000f1b8600000,0x000000f1b8700000) (1024K)]
  0x00000299973995f0 JavaThread "Unconstrained build operations Thread 52"        [_thread_blocked, id=49860, stack(0x000000f1b8700000,0x000000f1b8800000) (1024K)]
  0x0000029997396170 JavaThread "Unconstrained build operations Thread 53"        [_thread_blocked, id=10208, stack(0x000000f1b8800000,0x000000f1b8900000) (1024K)]
  0x0000029997399c80 JavaThread "Unconstrained build operations Thread 54"        [_thread_blocked, id=25896, stack(0x000000f1b8900000,0x000000f1b8a00000) (1024K)]
  0x000002999739a310 JavaThread "Unconstrained build operations Thread 55"        [_thread_blocked, id=50904, stack(0x000000f1b8a00000,0x000000f1b8b00000) (1024K)]
  0x000002999739a9a0 JavaThread "Unconstrained build operations Thread 56"        [_thread_blocked, id=51772, stack(0x000000f1b8b00000,0x000000f1b8c00000) (1024K)]
  0x000002999739b030 JavaThread "Unconstrained build operations Thread 57"        [_thread_blocked, id=7712, stack(0x000000f1b8c00000,0x000000f1b8d00000) (1024K)]
  0x000002999739b6c0 JavaThread "Unconstrained build operations Thread 58"        [_thread_blocked, id=24608, stack(0x000000f1b8d00000,0x000000f1b8e00000) (1024K)]
  0x0000029996ba9100 JavaThread "Unconstrained build operations Thread 59"        [_thread_blocked, id=39272, stack(0x000000f1b8e00000,0x000000f1b8f00000) (1024K)]
  0x0000029996ba7030 JavaThread "Unconstrained build operations Thread 60"        [_thread_blocked, id=6212, stack(0x000000f1b8f00000,0x000000f1b9000000) (1024K)]
  0x0000029996ba9e20 JavaThread "Unconstrained build operations Thread 61"        [_thread_blocked, id=44564, stack(0x000000f1b9000000,0x000000f1b9100000) (1024K)]
  0x0000029996baa4b0 JavaThread "Unconstrained build operations Thread 62"        [_thread_blocked, id=30888, stack(0x000000f1b9100000,0x000000f1b9200000) (1024K)]
  0x0000029996ba7d50 JavaThread "Unconstrained build operations Thread 63"        [_thread_blocked, id=31900, stack(0x000000f1b9200000,0x000000f1b9300000) (1024K)]
  0x00000299949bbd90 JavaThread "Unconstrained build operations Thread 64"        [_thread_blocked, id=32572, stack(0x000000f1b9300000,0x000000f1b9400000) (1024K)]
  0x00000299949bc420 JavaThread "Unconstrained build operations Thread 65"        [_thread_blocked, id=25976, stack(0x000000f1b9400000,0x000000f1b9500000) (1024K)]
  0x00000299981e91e0 JavaThread "Unconstrained build operations Thread 66"        [_thread_blocked, id=39892, stack(0x000000f1b9500000,0x000000f1b9600000) (1024K)]
  0x00000299981e6a80 JavaThread "Unconstrained build operations Thread 67"        [_thread_blocked, id=53844, stack(0x000000f1b9600000,0x000000f1b9700000) (1024K)]
  0x00000299981e7110 JavaThread "Unconstrained build operations Thread 68"        [_thread_blocked, id=29672, stack(0x000000f1b9700000,0x000000f1b9800000) (1024K)]
  0x00000299981e84c0 JavaThread "Unconstrained build operations Thread 69"        [_thread_blocked, id=26080, stack(0x000000f1b9800000,0x000000f1b9900000) (1024K)]
  0x00000299981e5d60 JavaThread "Unconstrained build operations Thread 70"        [_thread_blocked, id=43788, stack(0x000000f1b9900000,0x000000f1b9a00000) (1024K)]
  0x00000299981e63f0 JavaThread "Unconstrained build operations Thread 71"        [_thread_blocked, id=41444, stack(0x000000f1b9a00000,0x000000f1b9b00000) (1024K)]
  0x00000299981e77a0 JavaThread "Unconstrained build operations Thread 72"        [_thread_blocked, id=36708, stack(0x000000f1b9b00000,0x000000f1b9c00000) (1024K)]
  0x00000299981e7e30 JavaThread "Unconstrained build operations Thread 73"        [_thread_blocked, id=2996, stack(0x000000f1b9c00000,0x000000f1b9d00000) (1024K)]
  0x00000299981e8b50 JavaThread "Unconstrained build operations Thread 74"        [_thread_blocked, id=33016, stack(0x000000f1b9d00000,0x000000f1b9e00000) (1024K)]
  0x00000299969b57f0 JavaThread "Unconstrained build operations Thread 75"        [_thread_blocked, id=46196, stack(0x000000f1b9e00000,0x000000f1b9f00000) (1024K)]
  0x00000299969b4440 JavaThread "Unconstrained build operations Thread 76"        [_thread_blocked, id=12600, stack(0x000000f1b9f00000,0x000000f1ba000000) (1024K)]
  0x00000299969b6510 JavaThread "Unconstrained build operations Thread 77"        [_thread_blocked, id=25376, stack(0x000000f1ba000000,0x000000f1ba100000) (1024K)]
  0x00000299969b6ba0 JavaThread "Unconstrained build operations Thread 78"        [_thread_blocked, id=36848, stack(0x000000f1ba100000,0x000000f1ba200000) (1024K)]
  0x00000299969b5e80 JavaThread "Unconstrained build operations Thread 79"        [_thread_blocked, id=41068, stack(0x000000f1ba200000,0x000000f1ba300000) (1024K)]
  0x00000299969b3db0 JavaThread "Unconstrained build operations Thread 80"        [_thread_blocked, id=26948, stack(0x000000f1ba300000,0x000000f1ba400000) (1024K)]
  0x00000299969b7f50 JavaThread "Unconstrained build operations Thread 81"        [_thread_blocked, id=51404, stack(0x000000f1ba400000,0x000000f1ba500000) (1024K)]
  0x00000299969b5160 JavaThread "Unconstrained build operations Thread 82"        [_thread_blocked, id=30380, stack(0x000000f1ba500000,0x000000f1ba600000) (1024K)]
  0x00000299969b7230 JavaThread "Unconstrained build operations Thread 83"        [_thread_blocked, id=31604, stack(0x000000f1ba600000,0x000000f1ba700000) (1024K)]
  0x00000299969b78c0 JavaThread "Unconstrained build operations Thread 84"        [_thread_blocked, id=31784, stack(0x000000f1ba700000,0x000000f1ba800000) (1024K)]
  0x00000299969b4ad0 JavaThread "Unconstrained build operations Thread 85"        [_thread_blocked, id=53228, stack(0x000000f1ba800000,0x000000f1ba900000) (1024K)]
  0x00000299969bb3d0 JavaThread "Unconstrained build operations Thread 86"        [_thread_blocked, id=42252, stack(0x000000f1ba900000,0x000000f1baa00000) (1024K)]
  0x00000299969b85e0 JavaThread "Unconstrained build operations Thread 87"        [_thread_blocked, id=47260, stack(0x000000f1baa00000,0x000000f1bab00000) (1024K)]
  0x00000299969b8c70 JavaThread "Unconstrained build operations Thread 88"        [_thread_blocked, id=42016, stack(0x000000f1bab00000,0x000000f1bac00000) (1024K)]
  0x00000299969b9990 JavaThread "Unconstrained build operations Thread 89"        [_thread_blocked, id=50080, stack(0x000000f1bac00000,0x000000f1bad00000) (1024K)]
  0x00000299969b9300 JavaThread "Unconstrained build operations Thread 90"        [_thread_blocked, id=35820, stack(0x000000f1bad00000,0x000000f1bae00000) (1024K)]
  0x00000299969ba020 JavaThread "Unconstrained build operations Thread 91"        [_thread_blocked, id=3528, stack(0x000000f1bae00000,0x000000f1baf00000) (1024K)]
  0x00000299969ba6b0 JavaThread "Unconstrained build operations Thread 92"        [_thread_blocked, id=44836, stack(0x000000f1baf00000,0x000000f1bb000000) (1024K)]
  0x00000299969bad40 JavaThread "Unconstrained build operations Thread 93"        [_thread_blocked, id=41968, stack(0x000000f1bb000000,0x000000f1bb100000) (1024K)]
  0x0000029996ba9790 JavaThread "Unconstrained build operations Thread 94"        [_thread_blocked, id=29272, stack(0x000000f1bb100000,0x000000f1bb200000) (1024K)]
  0x0000029996ba76c0 JavaThread "Unconstrained build operations Thread 95"        [_thread_blocked, id=25444, stack(0x000000f1bb200000,0x000000f1bb300000) (1024K)]
  0x00000299981d63e0 JavaThread "Unconstrained build operations Thread 96"        [_thread_blocked, id=16532, stack(0x000000f1bb300000,0x000000f1bb400000) (1024K)]
  0x00000299981d7100 JavaThread "Unconstrained build operations Thread 97"        [_thread_blocked, id=25860, stack(0x000000f1bb400000,0x000000f1bb500000) (1024K)]
  0x00000299981d6a70 JavaThread "Unconstrained build operations Thread 98"        [_thread_blocked, id=29840, stack(0x000000f1bb500000,0x000000f1bb600000) (1024K)]
  0x00000299981d7e20 JavaThread "Unconstrained build operations Thread 99"        [_thread_blocked, id=36180, stack(0x000000f1bb600000,0x000000f1bb700000) (1024K)]
  0x00000299981d7790 JavaThread "Unconstrained build operations Thread 100"        [_thread_blocked, id=14108, stack(0x000000f1bb700000,0x000000f1bb800000) (1024K)]
  0x00000299981d84b0 JavaThread "Unconstrained build operations Thread 101"        [_thread_blocked, id=55188, stack(0x000000f1bb800000,0x000000f1bb900000) (1024K)]
  0x00000299981d8b40 JavaThread "Unconstrained build operations Thread 102"        [_thread_blocked, id=2476, stack(0x000000f1bb900000,0x000000f1bba00000) (1024K)]
  0x00000299981d91d0 JavaThread "Unconstrained build operations Thread 103"        [_thread_blocked, id=28312, stack(0x000000f1bba00000,0x000000f1bbb00000) (1024K)]
  0x00000299981d5d50 JavaThread "Unconstrained build operations Thread 104"        [_thread_blocked, id=1628, stack(0x000000f1bbb00000,0x000000f1bbc00000) (1024K)]
  0x00000299981dac10 JavaThread "Unconstrained build operations Thread 105"        [_thread_blocked, id=52308, stack(0x000000f1bbc00000,0x000000f1bbd00000) (1024K)]
  0x00000299981db2a0 JavaThread "Unconstrained build operations Thread 106"        [_thread_blocked, id=31080, stack(0x000000f1bbd00000,0x000000f1bbe00000) (1024K)]
  0x00000299981dcce0 JavaThread "Unconstrained build operations Thread 107"        [_thread_blocked, id=25456, stack(0x000000f1bbe00000,0x000000f1bbf00000) (1024K)]
  0x00000299981dbfc0 JavaThread "Unconstrained build operations Thread 108"        [_thread_blocked, id=50864, stack(0x000000f1bbf00000,0x000000f1bc000000) (1024K)]
  0x00000299981dd370 JavaThread "WorkerExecutor Queue"              [_thread_blocked, id=7184, stack(0x000000f1b5900000,0x000000f1b5a00000) (1024K)]
  0x00000299981da580 JavaThread "Unconstrained build operations Thread 109"        [_thread_blocked, id=35084, stack(0x000000f1b7400000,0x000000f1b7500000) (1024K)]
  0x00000299981db930 JavaThread "Unconstrained build operations Thread 110"        [_thread_blocked, id=55276, stack(0x000000f1bc000000,0x000000f1bc100000) (1024K)]
  0x00000299981dc650 JavaThread "Unconstrained build operations Thread 111"        [_thread_blocked, id=40068, stack(0x000000f1bc100000,0x000000f1bc200000) (1024K)]
  0x00000299981d9ef0 JavaThread "Unconstrained build operations Thread 112"        [_thread_blocked, id=41504, stack(0x000000f1bc200000,0x000000f1bc300000) (1024K)]
  0x00000299981e0160 JavaThread "Unconstrained build operations Thread 113"        [_thread_blocked, id=28408, stack(0x000000f1bc300000,0x000000f1bc400000) (1024K)]
  0x00000299981e07f0 JavaThread "Unconstrained build operations Thread 114"        [_thread_blocked, id=31996, stack(0x000000f1bc400000,0x000000f1bc500000) (1024K)]
  0x00000299981e0e80 JavaThread "Unconstrained build operations Thread 115"        [_thread_blocked, id=51272, stack(0x000000f1bc500000,0x000000f1bc600000) (1024K)]
  0x00000299981de090 JavaThread "Unconstrained build operations Thread 116"        [_thread_blocked, id=48464, stack(0x000000f1bc600000,0x000000f1bc700000) (1024K)]
  0x00000299981dda00 JavaThread "Unconstrained build operations Thread 117"        [_thread_blocked, id=37136, stack(0x000000f1bc700000,0x000000f1bc800000) (1024K)]
  0x00000299981e1510 JavaThread "Unconstrained build operations Thread 118"        [_thread_blocked, id=50104, stack(0x000000f1bc800000,0x000000f1bc900000) (1024K)]
  0x00000299981dfad0 JavaThread "Unconstrained build operations Thread 119"        [_thread_blocked, id=45724, stack(0x000000f1bc900000,0x000000f1bca00000) (1024K)]
  0x00000299981e1ba0 JavaThread "Unconstrained build operations Thread 120"        [_thread_blocked, id=33204, stack(0x000000f1bcb00000,0x000000f1bcc00000) (1024K)]
  0x0000029995ddd560 JavaThread "C2 CompilerThread1"         daemon [_thread_in_native, id=41536, stack(0x000000f1bca00000,0x000000f1bcb00000) (1024K)]
=>0x0000029995de12b0 JavaThread "C2 CompilerThread2"         daemon [_thread_in_native, id=47692, stack(0x000000f1bcc00000,0x000000f1bcd00000) (1024K)]
Total: 170

Other Threads:
  0x000002994af5aa90 VMThread "VM Thread"                           [id=27076, stack(0x000000f1b1800000,0x000000f1b1900000) (1024K)]
  0x000002998c0819e0 WatcherThread "VM Periodic Task Thread"        [id=40324, stack(0x000000f1b1700000,0x000000f1b1800000) (1024K)]
  0x000002992cb409a0 WorkerThread "GC Thread#0"                     [id=23876, stack(0x000000f1b1200000,0x000000f1b1300000) (1024K)]
  0x000002998c4a2b30 WorkerThread "GC Thread#1"                     [id=48608, stack(0x000000f1b2500000,0x000000f1b2600000) (1024K)]
  0x000002998c4a2ed0 WorkerThread "GC Thread#2"                     [id=19956, stack(0x000000f1b2600000,0x000000f1b2700000) (1024K)]
  0x000002998c4a3270 WorkerThread "GC Thread#3"                     [id=23864, stack(0x000000f1b2700000,0x000000f1b2800000) (1024K)]
  0x000002998c4a3610 WorkerThread "GC Thread#4"                     [id=52376, stack(0x000000f1b2800000,0x000000f1b2900000) (1024K)]
  0x000002998c3f7a70 WorkerThread "GC Thread#5"                     [id=51536, stack(0x000000f1b2900000,0x000000f1b2a00000) (1024K)]
  0x000002998c3f7e10 WorkerThread "GC Thread#6"                     [id=34744, stack(0x000000f1b2a00000,0x000000f1b2b00000) (1024K)]
  0x000002998c3f8be0 WorkerThread "GC Thread#7"                     [id=25660, stack(0x000000f1b2b00000,0x000000f1b2c00000) (1024K)]
  0x000002998c732230 WorkerThread "GC Thread#8"                     [id=8912, stack(0x000000f1b2c00000,0x000000f1b2d00000) (1024K)]
  0x000002998c733200 WorkerThread "GC Thread#9"                     [id=52776, stack(0x000000f1b2d00000,0x000000f1b2e00000) (1024K)]
  0x000002992cb4d890 ConcurrentGCThread "G1 Main Marker"            [id=25948, stack(0x000000f1b1300000,0x000000f1b1400000) (1024K)]
  0x000002992cb4f120 WorkerThread "G1 Conc#0"                       [id=53576, stack(0x000000f1b1400000,0x000000f1b1500000) (1024K)]
  0x0000029991147660 WorkerThread "G1 Conc#1"                       [id=44048, stack(0x000000f1b3a00000,0x000000f1b3b00000) (1024K)]
  0x00000299911460a0 WorkerThread "G1 Conc#2"                       [id=15988, stack(0x000000f1b3b00000,0x000000f1b3c00000) (1024K)]
  0x000002994ae9af90 ConcurrentGCThread "G1 Refine#0"               [id=9104, stack(0x000000f1b1500000,0x000000f1b1600000) (1024K)]
  0x000002994ae9c8c0 ConcurrentGCThread "G1 Service"                [id=25388, stack(0x000000f1b1600000,0x000000f1b1700000) (1024K)]
Total: 18

Threads with active compile tasks:
C2 CompilerThread0  52513 16141       4       com.android.tools.r8.graph.r9::a (165 bytes)
C1 CompilerThread0  52513 16148 %     3       com.android.tools.r8.internal.br::a @ 46 (869 bytes)
C2 CompilerThread1  52513 16047       4       com.android.tools.r8.internal.ot::a (7028 bytes)
C2 CompilerThread2  52513 16046       4       com.android.tools.r8.internal.ot::a (4509 bytes)
Total: 4

VM state: not at safepoint (normal execution)

VM Mutex/Monitor currently owned by a thread: None

Heap address: 0x0000000740000000, size: 3072 MB, Compressed Oops mode: Zero based, Oop shift amount: 3

CDS archive(s) mapped at: [0x000002994b000000-0x000002994bc80000-0x000002994bc80000), size 13107200, SharedBaseAddress: 0x000002994b000000, ArchiveRelocationMode: 1.
Compressed class space mapped at: 0x000002994c000000-0x000002998c000000, reserved size: 1073741824
Narrow klass base: 0x000002994b000000, Narrow klass shift: 0, Narrow klass range: 0x100000000

GC Precious Log:
 CardTable entry size: 512
 Card Set container configuration: InlinePtr #cards 4 size 8 Array Of Cards #cards 16 size 48 Howl #buckets 8 coarsen threshold 3686 Howl Bitmap #cards 512 size 80 coarsen threshold 460 Card regions per heap region 1 cards per card region 4096
 CPUs: 12 total, 12 available
 Memory: 32452M
 Large Page Support: Disabled
 NUMA Support: Disabled
 Compressed Oops: Enabled (Zero based)
 Heap Region Size: 2M
 Heap Min Capacity: 8M
 Heap Initial Capacity: 508M
 Heap Max Capacity: 3G
 Pre-touch: Disabled
 Parallel Workers: 10
 Concurrent Workers: 3
 Concurrent Refinement Workers: 10
 Periodic GC: Disabled

Heap:
 garbage-first heap   total 602112K, used 293744K [0x0000000740000000, 0x0000000800000000)
  region size 2048K, 51 young (104448K), 5 survivors (10240K)
 Metaspace       used 120910K, committed 123328K, reserved 1179648K
  class space    used 16816K, committed 18048K, reserved 1048576K

Heap Regions: E=young(eden), S=young(survivor), O=old, HS=humongous(starts), HC=humongous(continues), CS=collection set, F=free, TAMS=top-at-mark-start, PB=parsable bottom
|   0|0x0000000740000000, 0x0000000740200000, 0x0000000740200000|100%|HS|  |TAMS 0x0000000740000000| PB 0x0000000740000000| Complete 
|   1|0x0000000740200000, 0x0000000740400000, 0x0000000740400000|100%|HC|  |TAMS 0x0000000740200000| PB 0x0000000740200000| Complete 
|   2|0x0000000740400000, 0x0000000740600000, 0x0000000740600000|100%| O|  |TAMS 0x0000000740400000| PB 0x0000000740400000| Untracked 
|   3|0x0000000740600000, 0x0000000740800000, 0x0000000740800000|100%| O|  |TAMS 0x0000000740600000| PB 0x0000000740600000| Untracked 
|   4|0x0000000740800000, 0x0000000740a00000, 0x0000000740a00000|100%| O|  |TAMS 0x0000000740800000| PB 0x0000000740800000| Untracked 
|   5|0x0000000740a00000, 0x0000000740c00000, 0x0000000740c00000|100%| O|  |TAMS 0x0000000740a00000| PB 0x0000000740a00000| Untracked 
|   6|0x0000000740c00000, 0x0000000740e00000, 0x0000000740e00000|100%| O|  |TAMS 0x0000000740c00000| PB 0x0000000740c00000| Untracked 
|   7|0x0000000740e00000, 0x0000000741000000, 0x0000000741000000|100%| O|  |TAMS 0x0000000740e00000| PB 0x0000000740e00000| Untracked 
|   8|0x0000000741000000, 0x0000000741200000, 0x0000000741200000|100%| O|  |TAMS 0x0000000741000000| PB 0x0000000741000000| Untracked 
|   9|0x0000000741200000, 0x0000000741400000, 0x0000000741400000|100%| O|  |TAMS 0x0000000741200000| PB 0x0000000741200000| Untracked 
|  10|0x0000000741400000, 0x0000000741600000, 0x0000000741600000|100%| O|  |TAMS 0x0000000741400000| PB 0x0000000741400000| Untracked 
|  11|0x0000000741600000, 0x0000000741800000, 0x0000000741800000|100%| O|  |TAMS 0x0000000741600000| PB 0x0000000741600000| Untracked 
|  12|0x0000000741800000, 0x0000000741a00000, 0x0000000741a00000|100%| O|  |TAMS 0x0000000741800000| PB 0x0000000741800000| Untracked 
|  13|0x0000000741a00000, 0x0000000741c00000, 0x0000000741c00000|100%| O|  |TAMS 0x0000000741a00000| PB 0x0000000741a00000| Untracked 
|  14|0x0000000741c00000, 0x0000000741e00000, 0x0000000741e00000|100%| O|  |TAMS 0x0000000741c00000| PB 0x0000000741c00000| Untracked 
|  15|0x0000000741e00000, 0x0000000742000000, 0x0000000742000000|100%| O|  |TAMS 0x0000000741e00000| PB 0x0000000741e00000| Untracked 
|  16|0x0000000742000000, 0x0000000742200000, 0x0000000742200000|100%| O|  |TAMS 0x0000000742000000| PB 0x0000000742000000| Untracked 
|  17|0x0000000742200000, 0x0000000742400000, 0x0000000742400000|100%| O|  |TAMS 0x0000000742200000| PB 0x0000000742200000| Untracked 
|  18|0x0000000742400000, 0x0000000742600000, 0x0000000742600000|100%| O|  |TAMS 0x0000000742400000| PB 0x0000000742400000| Untracked 
|  19|0x0000000742600000, 0x0000000742800000, 0x0000000742800000|100%| O|  |TAMS 0x0000000742600000| PB 0x0000000742600000| Untracked 
|  20|0x0000000742800000, 0x0000000742a00000, 0x0000000742a00000|100%| O|  |TAMS 0x0000000742800000| PB 0x0000000742800000| Untracked 
|  21|0x0000000742a00000, 0x0000000742c00000, 0x0000000742c00000|100%| O|  |TAMS 0x0000000742a00000| PB 0x0000000742a00000| Untracked 
|  22|0x0000000742c00000, 0x0000000742e00000, 0x0000000742e00000|100%| O|  |TAMS 0x0000000742c00000| PB 0x0000000742c00000| Untracked 
|  23|0x0000000742e00000, 0x0000000743000000, 0x0000000743000000|100%| O|  |TAMS 0x0000000742e00000| PB 0x0000000742e00000| Untracked 
|  24|0x0000000743000000, 0x0000000743200000, 0x0000000743200000|100%| O|  |TAMS 0x0000000743000000| PB 0x0000000743000000| Untracked 
|  25|0x0000000743200000, 0x0000000743400000, 0x0000000743400000|100%|HS|  |TAMS 0x0000000743200000| PB 0x0000000743200000| Complete 
|  26|0x0000000743400000, 0x0000000743600000, 0x0000000743600000|100%|HS|  |TAMS 0x0000000743400000| PB 0x0000000743400000| Complete 
|  27|0x0000000743600000, 0x0000000743800000, 0x0000000743800000|100%| O|  |TAMS 0x0000000743600000| PB 0x0000000743600000| Untracked 
|  28|0x0000000743800000, 0x0000000743a00000, 0x0000000743a00000|100%| O|  |TAMS 0x0000000743800000| PB 0x0000000743800000| Untracked 
|  29|0x0000000743a00000, 0x0000000743c00000, 0x0000000743c00000|100%| O|  |TAMS 0x0000000743a00000| PB 0x0000000743a00000| Untracked 
|  30|0x0000000743c00000, 0x0000000743e00000, 0x0000000743e00000|100%| O|  |TAMS 0x0000000743c00000| PB 0x0000000743c00000| Untracked 
|  31|0x0000000743e00000, 0x0000000744000000, 0x0000000744000000|100%| O|  |TAMS 0x0000000743e00000| PB 0x0000000743e00000| Untracked 
|  32|0x0000000744000000, 0x0000000744200000, 0x0000000744200000|100%| O|  |TAMS 0x0000000744000000| PB 0x0000000744000000| Untracked 
|  33|0x0000000744200000, 0x0000000744400000, 0x0000000744400000|100%| O|  |TAMS 0x0000000744200000| PB 0x0000000744200000| Untracked 
|  34|0x0000000744400000, 0x0000000744600000, 0x0000000744600000|100%| O|  |TAMS 0x0000000744400000| PB 0x0000000744400000| Untracked 
|  35|0x0000000744600000, 0x0000000744800000, 0x0000000744800000|100%| O|  |TAMS 0x0000000744600000| PB 0x0000000744600000| Untracked 
|  36|0x0000000744800000, 0x0000000744a00000, 0x0000000744a00000|100%| O|  |TAMS 0x0000000744800000| PB 0x0000000744800000| Untracked 
|  37|0x0000000744a00000, 0x0000000744c00000, 0x0000000744c00000|100%| O|  |TAMS 0x0000000744a00000| PB 0x0000000744a00000| Untracked 
|  38|0x0000000744c00000, 0x0000000744e00000, 0x0000000744e00000|100%| O|  |TAMS 0x0000000744c00000| PB 0x0000000744c00000| Untracked 
|  39|0x0000000744e00000, 0x0000000745000000, 0x0000000745000000|100%| O|  |TAMS 0x0000000744e00000| PB 0x0000000744e00000| Untracked 
|  40|0x0000000745000000, 0x0000000745200000, 0x0000000745200000|100%| O|  |TAMS 0x0000000745000000| PB 0x0000000745000000| Untracked 
|  41|0x0000000745200000, 0x0000000745400000, 0x0000000745400000|100%| O|  |TAMS 0x0000000745200000| PB 0x0000000745200000| Untracked 
|  42|0x0000000745400000, 0x0000000745600000, 0x0000000745600000|100%| O|  |TAMS 0x0000000745400000| PB 0x0000000745400000| Untracked 
|  43|0x0000000745600000, 0x0000000745800000, 0x0000000745800000|100%| O|  |TAMS 0x0000000745600000| PB 0x0000000745600000| Untracked 
|  44|0x0000000745800000, 0x0000000745a00000, 0x0000000745a00000|100%| O|  |TAMS 0x0000000745800000| PB 0x0000000745800000| Untracked 
|  45|0x0000000745a00000, 0x0000000745c00000, 0x0000000745c00000|100%| O|  |TAMS 0x0000000745a00000| PB 0x0000000745a00000| Untracked 
|  46|0x0000000745c00000, 0x0000000745e00000, 0x0000000745e00000|100%| O|  |TAMS 0x0000000745c00000| PB 0x0000000745c00000| Untracked 
|  47|0x0000000745e00000, 0x0000000746000000, 0x0000000746000000|100%| O|  |TAMS 0x0000000745e00000| PB 0x0000000745e00000| Untracked 
|  48|0x0000000746000000, 0x0000000746200000, 0x0000000746200000|100%| O|  |TAMS 0x0000000746000000| PB 0x0000000746000000| Untracked 
|  49|0x0000000746200000, 0x0000000746400000, 0x0000000746400000|100%| O|  |TAMS 0x0000000746200000| PB 0x0000000746200000| Untracked 
|  50|0x0000000746400000, 0x0000000746600000, 0x0000000746600000|100%| O|  |TAMS 0x0000000746400000| PB 0x0000000746400000| Untracked 
|  51|0x0000000746600000, 0x0000000746800000, 0x0000000746800000|100%| O|  |TAMS 0x0000000746600000| PB 0x0000000746600000| Untracked 
|  52|0x0000000746800000, 0x0000000746a00000, 0x0000000746a00000|100%| O|  |TAMS 0x0000000746800000| PB 0x0000000746800000| Untracked 
|  53|0x0000000746a00000, 0x0000000746c00000, 0x0000000746c00000|100%| O|  |TAMS 0x0000000746a00000| PB 0x0000000746a00000| Untracked 
|  54|0x0000000746c00000, 0x0000000746e00000, 0x0000000746e00000|100%| O|  |TAMS 0x0000000746c00000| PB 0x0000000746c00000| Untracked 
|  55|0x0000000746e00000, 0x0000000747000000, 0x0000000747000000|100%| O|  |TAMS 0x0000000746e00000| PB 0x0000000746e00000| Untracked 
|  56|0x0000000747000000, 0x0000000747200000, 0x0000000747200000|100%| O|  |TAMS 0x0000000747000000| PB 0x0000000747000000| Untracked 
|  57|0x0000000747200000, 0x0000000747400000, 0x0000000747400000|100%| O|  |TAMS 0x0000000747200000| PB 0x0000000747200000| Untracked 
|  58|0x0000000747400000, 0x0000000747600000, 0x0000000747600000|100%| O|  |TAMS 0x0000000747400000| PB 0x0000000747400000| Untracked 
|  59|0x0000000747600000, 0x0000000747800000, 0x0000000747800000|100%| O|  |TAMS 0x0000000747600000| PB 0x0000000747600000| Untracked 
|  60|0x0000000747800000, 0x0000000747a00000, 0x0000000747a00000|100%| O|  |TAMS 0x0000000747800000| PB 0x0000000747800000| Untracked 
|  61|0x0000000747a00000, 0x0000000747c00000, 0x0000000747c00000|100%| O|  |TAMS 0x0000000747a00000| PB 0x0000000747a00000| Untracked 
|  62|0x0000000747c00000, 0x0000000747e00000, 0x0000000747e00000|100%| O|  |TAMS 0x0000000747c00000| PB 0x0000000747c00000| Untracked 
|  63|0x0000000747e00000, 0x0000000748000000, 0x0000000748000000|100%| O|  |TAMS 0x0000000747e00000| PB 0x0000000747e00000| Untracked 
|  64|0x0000000748000000, 0x0000000748200000, 0x0000000748200000|100%| O|  |TAMS 0x0000000748000000| PB 0x0000000748000000| Untracked 
|  65|0x0000000748200000, 0x0000000748400000, 0x0000000748400000|100%| O|  |TAMS 0x0000000748200000| PB 0x0000000748200000| Untracked 
|  66|0x0000000748400000, 0x0000000748600000, 0x0000000748600000|100%| O|  |TAMS 0x0000000748400000| PB 0x0000000748400000| Untracked 
|  67|0x0000000748600000, 0x0000000748600000, 0x0000000748800000|  0%| F|  |TAMS 0x0000000748600000| PB 0x0000000748600000| Untracked 
|  68|0x0000000748800000, 0x0000000748800000, 0x0000000748a00000|  0%| F|  |TAMS 0x0000000748800000| PB 0x0000000748800000| Untracked 
|  69|0x0000000748a00000, 0x0000000748c00000, 0x0000000748c00000|100%| O|  |TAMS 0x0000000748a00000| PB 0x0000000748a00000| Untracked 
|  70|0x0000000748c00000, 0x0000000748e00000, 0x0000000748e00000|100%| O|  |TAMS 0x0000000748c00000| PB 0x0000000748c00000| Untracked 
|  71|0x0000000748e00000, 0x0000000749000000, 0x0000000749000000|100%| O|  |TAMS 0x0000000748e00000| PB 0x0000000748e00000| Untracked 
|  72|0x0000000749000000, 0x0000000749200000, 0x0000000749200000|100%| O|  |TAMS 0x0000000749000000| PB 0x0000000749000000| Untracked 
|  73|0x0000000749200000, 0x0000000749200000, 0x0000000749400000|  0%| F|  |TAMS 0x0000000749200000| PB 0x0000000749200000| Untracked 
|  74|0x0000000749400000, 0x0000000749600000, 0x0000000749600000|100%| O|  |TAMS 0x0000000749400000| PB 0x0000000749400000| Untracked 
|  75|0x0000000749600000, 0x0000000749800000, 0x0000000749800000|100%| O|  |TAMS 0x0000000749600000| PB 0x0000000749600000| Untracked 
|  76|0x0000000749800000, 0x0000000749a00000, 0x0000000749a00000|100%| O|  |TAMS 0x0000000749800000| PB 0x0000000749800000| Untracked 
|  77|0x0000000749a00000, 0x0000000749c00000, 0x0000000749c00000|100%| O|  |TAMS 0x0000000749a00000| PB 0x0000000749a00000| Untracked 
|  78|0x0000000749c00000, 0x0000000749e00000, 0x0000000749e00000|100%| O|  |TAMS 0x0000000749c00000| PB 0x0000000749c00000| Untracked 
|  79|0x0000000749e00000, 0x000000074a000000, 0x000000074a000000|100%| O|  |TAMS 0x0000000749e00000| PB 0x0000000749e00000| Untracked 
|  80|0x000000074a000000, 0x000000074a200000, 0x000000074a200000|100%| O|  |TAMS 0x000000074a000000| PB 0x000000074a000000| Untracked 
|  81|0x000000074a200000, 0x000000074a400000, 0x000000074a400000|100%| O|  |TAMS 0x000000074a200000| PB 0x000000074a200000| Untracked 
|  82|0x000000074a400000, 0x000000074a600000, 0x000000074a600000|100%| O|  |TAMS 0x000000074a400000| PB 0x000000074a400000| Untracked 
|  83|0x000000074a600000, 0x000000074a800000, 0x000000074a800000|100%| O|  |TAMS 0x000000074a600000| PB 0x000000074a600000| Untracked 
|  84|0x000000074a800000, 0x000000074aa00000, 0x000000074aa00000|100%| O|  |TAMS 0x000000074a800000| PB 0x000000074a800000| Untracked 
|  85|0x000000074aa00000, 0x000000074ac00000, 0x000000074ac00000|100%| O|  |TAMS 0x000000074aa00000| PB 0x000000074aa00000| Untracked 
|  86|0x000000074ac00000, 0x000000074ae00000, 0x000000074ae00000|100%| O|  |TAMS 0x000000074ac00000| PB 0x000000074ac00000| Untracked 
|  87|0x000000074ae00000, 0x000000074b000000, 0x000000074b000000|100%| O|  |TAMS 0x000000074ae00000| PB 0x000000074ae00000| Untracked 
|  88|0x000000074b000000, 0x000000074b200000, 0x000000074b200000|100%| O|  |TAMS 0x000000074b000000| PB 0x000000074b000000| Untracked 
|  89|0x000000074b200000, 0x000000074b400000, 0x000000074b400000|100%| O|  |TAMS 0x000000074b200000| PB 0x000000074b200000| Untracked 
|  90|0x000000074b400000, 0x000000074b600000, 0x000000074b600000|100%| O|  |TAMS 0x000000074b400000| PB 0x000000074b400000| Untracked 
|  91|0x000000074b600000, 0x000000074b800000, 0x000000074b800000|100%| O|  |TAMS 0x000000074b600000| PB 0x000000074b600000| Untracked 
|  92|0x000000074b800000, 0x000000074ba00000, 0x000000074ba00000|100%| O|  |TAMS 0x000000074b800000| PB 0x000000074b800000| Untracked 
|  93|0x000000074ba00000, 0x000000074badc380, 0x000000074bc00000| 43%| O|  |TAMS 0x000000074ba00000| PB 0x000000074ba00000| Untracked 
|  94|0x000000074bc00000, 0x000000074bc00000, 0x000000074be00000|  0%| F|  |TAMS 0x000000074bc00000| PB 0x000000074bc00000| Untracked 
|  95|0x000000074be00000, 0x000000074be00000, 0x000000074c000000|  0%| F|  |TAMS 0x000000074be00000| PB 0x000000074be00000| Untracked 
|  96|0x000000074c000000, 0x000000074c000000, 0x000000074c200000|  0%| F|  |TAMS 0x000000074c000000| PB 0x000000074c000000| Untracked 
|  97|0x000000074c200000, 0x000000074c200000, 0x000000074c400000|  0%| F|  |TAMS 0x000000074c200000| PB 0x000000074c200000| Untracked 
|  98|0x000000074c400000, 0x000000074c600000, 0x000000074c600000|100%| S|CS|TAMS 0x000000074c400000| PB 0x000000074c400000| Complete 
|  99|0x000000074c600000, 0x000000074c800000, 0x000000074c800000|100%| S|CS|TAMS 0x000000074c600000| PB 0x000000074c600000| Complete 
| 100|0x000000074c800000, 0x000000074ca00000, 0x000000074ca00000|100%| S|CS|TAMS 0x000000074c800000| PB 0x000000074c800000| Complete 
| 101|0x000000074ca00000, 0x000000074cc00000, 0x000000074cc00000|100%| S|CS|TAMS 0x000000074ca00000| PB 0x000000074ca00000| Complete 
| 102|0x000000074cc00000, 0x000000074ce00000, 0x000000074ce00000|100%| S|CS|TAMS 0x000000074cc00000| PB 0x000000074cc00000| Complete 
| 103|0x000000074ce00000, 0x000000074ce00000, 0x000000074d000000|  0%| F|  |TAMS 0x000000074ce00000| PB 0x000000074ce00000| Untracked 
| 104|0x000000074d000000, 0x000000074d000000, 0x000000074d200000|  0%| F|  |TAMS 0x000000074d000000| PB 0x000000074d000000| Untracked 
| 105|0x000000074d200000, 0x000000074d200000, 0x000000074d400000|  0%| F|  |TAMS 0x000000074d200000| PB 0x000000074d200000| Untracked 
| 106|0x000000074d400000, 0x000000074d400000, 0x000000074d600000|  0%| F|  |TAMS 0x000000074d400000| PB 0x000000074d400000| Untracked 
| 107|0x000000074d600000, 0x000000074d600000, 0x000000074d800000|  0%| F|  |TAMS 0x000000074d600000| PB 0x000000074d600000| Untracked 
| 108|0x000000074d800000, 0x000000074d800000, 0x000000074da00000|  0%| F|  |TAMS 0x000000074d800000| PB 0x000000074d800000| Untracked 
| 109|0x000000074da00000, 0x000000074da00000, 0x000000074dc00000|  0%| F|  |TAMS 0x000000074da00000| PB 0x000000074da00000| Untracked 
| 110|0x000000074dc00000, 0x000000074dc00000, 0x000000074de00000|  0%| F|  |TAMS 0x000000074dc00000| PB 0x000000074dc00000| Untracked 
| 111|0x000000074de00000, 0x000000074de00000, 0x000000074e000000|  0%| F|  |TAMS 0x000000074de00000| PB 0x000000074de00000| Untracked 
| 112|0x000000074e000000, 0x000000074e000000, 0x000000074e200000|  0%| F|  |TAMS 0x000000074e000000| PB 0x000000074e000000| Untracked 
| 113|0x000000074e200000, 0x000000074e200000, 0x000000074e400000|  0%| F|  |TAMS 0x000000074e200000| PB 0x000000074e200000| Untracked 
| 114|0x000000074e400000, 0x000000074e400000, 0x000000074e600000|  0%| F|  |TAMS 0x000000074e400000| PB 0x000000074e400000| Untracked 
| 115|0x000000074e600000, 0x000000074e600000, 0x000000074e800000|  0%| F|  |TAMS 0x000000074e600000| PB 0x000000074e600000| Untracked 
| 116|0x000000074e800000, 0x000000074e800000, 0x000000074ea00000|  0%| F|  |TAMS 0x000000074e800000| PB 0x000000074e800000| Untracked 
| 117|0x000000074ea00000, 0x000000074ea00000, 0x000000074ec00000|  0%| F|  |TAMS 0x000000074ea00000| PB 0x000000074ea00000| Untracked 
| 118|0x000000074ec00000, 0x000000074ec00000, 0x000000074ee00000|  0%| F|  |TAMS 0x000000074ec00000| PB 0x000000074ec00000| Untracked 
| 119|0x000000074ee00000, 0x000000074ee00000, 0x000000074f000000|  0%| F|  |TAMS 0x000000074ee00000| PB 0x000000074ee00000| Untracked 
| 120|0x000000074f000000, 0x000000074f000000, 0x000000074f200000|  0%| F|  |TAMS 0x000000074f000000| PB 0x000000074f000000| Untracked 
| 121|0x000000074f200000, 0x000000074f200000, 0x000000074f400000|  0%| F|  |TAMS 0x000000074f200000| PB 0x000000074f200000| Untracked 
| 122|0x000000074f400000, 0x000000074f400000, 0x000000074f600000|  0%| F|  |TAMS 0x000000074f400000| PB 0x000000074f400000| Untracked 
| 123|0x000000074f600000, 0x000000074f600000, 0x000000074f800000|  0%| F|  |TAMS 0x000000074f600000| PB 0x000000074f600000| Untracked 
| 124|0x000000074f800000, 0x000000074f800000, 0x000000074fa00000|  0%| F|  |TAMS 0x000000074f800000| PB 0x000000074f800000| Untracked 
| 125|0x000000074fa00000, 0x000000074fa00000, 0x000000074fc00000|  0%| F|  |TAMS 0x000000074fa00000| PB 0x000000074fa00000| Untracked 
| 126|0x000000074fc00000, 0x000000074fc00000, 0x000000074fe00000|  0%| F|  |TAMS 0x000000074fc00000| PB 0x000000074fc00000| Untracked 
| 127|0x000000074fe00000, 0x000000074fe00000, 0x0000000750000000|  0%| F|  |TAMS 0x000000074fe00000| PB 0x000000074fe00000| Untracked 
| 128|0x0000000750000000, 0x0000000750000000, 0x0000000750200000|  0%| F|  |TAMS 0x0000000750000000| PB 0x0000000750000000| Untracked 
| 129|0x0000000750200000, 0x0000000750200000, 0x0000000750400000|  0%| F|  |TAMS 0x0000000750200000| PB 0x0000000750200000| Untracked 
| 130|0x0000000750400000, 0x0000000750400000, 0x0000000750600000|  0%| F|  |TAMS 0x0000000750400000| PB 0x0000000750400000| Untracked 
| 131|0x0000000750600000, 0x0000000750600000, 0x0000000750800000|  0%| F|  |TAMS 0x0000000750600000| PB 0x0000000750600000| Untracked 
| 132|0x0000000750800000, 0x0000000750800000, 0x0000000750a00000|  0%| F|  |TAMS 0x0000000750800000| PB 0x0000000750800000| Untracked 
| 133|0x0000000750a00000, 0x0000000750a00000, 0x0000000750c00000|  0%| F|  |TAMS 0x0000000750a00000| PB 0x0000000750a00000| Untracked 
| 134|0x0000000750c00000, 0x0000000750c00000, 0x0000000750e00000|  0%| F|  |TAMS 0x0000000750c00000| PB 0x0000000750c00000| Untracked 
| 135|0x0000000750e00000, 0x0000000750e00000, 0x0000000751000000|  0%| F|  |TAMS 0x0000000750e00000| PB 0x0000000750e00000| Untracked 
| 136|0x0000000751000000, 0x0000000751000000, 0x0000000751200000|  0%| F|  |TAMS 0x0000000751000000| PB 0x0000000751000000| Untracked 
| 137|0x0000000751200000, 0x0000000751200000, 0x0000000751400000|  0%| F|  |TAMS 0x0000000751200000| PB 0x0000000751200000| Untracked 
| 138|0x0000000751400000, 0x0000000751400000, 0x0000000751600000|  0%| F|  |TAMS 0x0000000751400000| PB 0x0000000751400000| Untracked 
| 139|0x0000000751600000, 0x0000000751600000, 0x0000000751800000|  0%| F|  |TAMS 0x0000000751600000| PB 0x0000000751600000| Untracked 
| 140|0x0000000751800000, 0x0000000751800000, 0x0000000751a00000|  0%| F|  |TAMS 0x0000000751800000| PB 0x0000000751800000| Untracked 
| 141|0x0000000751a00000, 0x0000000751a00000, 0x0000000751c00000|  0%| F|  |TAMS 0x0000000751a00000| PB 0x0000000751a00000| Untracked 
| 142|0x0000000751c00000, 0x0000000751c00000, 0x0000000751e00000|  0%| F|  |TAMS 0x0000000751c00000| PB 0x0000000751c00000| Untracked 
| 143|0x0000000751e00000, 0x0000000751e00000, 0x0000000752000000|  0%| F|  |TAMS 0x0000000751e00000| PB 0x0000000751e00000| Untracked 
| 144|0x0000000752000000, 0x0000000752000000, 0x0000000752200000|  0%| F|  |TAMS 0x0000000752000000| PB 0x0000000752000000| Untracked 
| 145|0x0000000752200000, 0x0000000752200000, 0x0000000752400000|  0%| F|  |TAMS 0x0000000752200000| PB 0x0000000752200000| Untracked 
| 146|0x0000000752400000, 0x0000000752400000, 0x0000000752600000|  0%| F|  |TAMS 0x0000000752400000| PB 0x0000000752400000| Untracked 
| 147|0x0000000752600000, 0x0000000752600000, 0x0000000752800000|  0%| F|  |TAMS 0x0000000752600000| PB 0x0000000752600000| Untracked 
| 148|0x0000000752800000, 0x0000000752800000, 0x0000000752a00000|  0%| F|  |TAMS 0x0000000752800000| PB 0x0000000752800000| Untracked 
| 149|0x0000000752a00000, 0x0000000752a00000, 0x0000000752c00000|  0%| F|  |TAMS 0x0000000752a00000| PB 0x0000000752a00000| Untracked 
| 150|0x0000000752c00000, 0x0000000752c00000, 0x0000000752e00000|  0%| F|  |TAMS 0x0000000752c00000| PB 0x0000000752c00000| Untracked 
| 151|0x0000000752e00000, 0x0000000752e00000, 0x0000000753000000|  0%| F|  |TAMS 0x0000000752e00000| PB 0x0000000752e00000| Untracked 
| 152|0x0000000753000000, 0x0000000753000000, 0x0000000753200000|  0%| F|  |TAMS 0x0000000753000000| PB 0x0000000753000000| Untracked 
| 153|0x0000000753200000, 0x0000000753200000, 0x0000000753400000|  0%| F|  |TAMS 0x0000000753200000| PB 0x0000000753200000| Untracked 
| 154|0x0000000753400000, 0x0000000753400000, 0x0000000753600000|  0%| F|  |TAMS 0x0000000753400000| PB 0x0000000753400000| Untracked 
| 155|0x0000000753600000, 0x0000000753600000, 0x0000000753800000|  0%| F|  |TAMS 0x0000000753600000| PB 0x0000000753600000| Untracked 
| 156|0x0000000753800000, 0x0000000753800000, 0x0000000753a00000|  0%| F|  |TAMS 0x0000000753800000| PB 0x0000000753800000| Untracked 
| 157|0x0000000753a00000, 0x0000000753a00000, 0x0000000753c00000|  0%| F|  |TAMS 0x0000000753a00000| PB 0x0000000753a00000| Untracked 
| 158|0x0000000753c00000, 0x0000000753c00000, 0x0000000753e00000|  0%| F|  |TAMS 0x0000000753c00000| PB 0x0000000753c00000| Untracked 
| 159|0x0000000753e00000, 0x0000000753e00000, 0x0000000754000000|  0%| F|  |TAMS 0x0000000753e00000| PB 0x0000000753e00000| Untracked 
| 160|0x0000000754000000, 0x0000000754000000, 0x0000000754200000|  0%| F|  |TAMS 0x0000000754000000| PB 0x0000000754000000| Untracked 
| 161|0x0000000754200000, 0x0000000754200000, 0x0000000754400000|  0%| F|  |TAMS 0x0000000754200000| PB 0x0000000754200000| Untracked 
| 162|0x0000000754400000, 0x0000000754400000, 0x0000000754600000|  0%| F|  |TAMS 0x0000000754400000| PB 0x0000000754400000| Untracked 
| 163|0x0000000754600000, 0x0000000754600000, 0x0000000754800000|  0%| F|  |TAMS 0x0000000754600000| PB 0x0000000754600000| Untracked 
| 164|0x0000000754800000, 0x0000000754800000, 0x0000000754a00000|  0%| F|  |TAMS 0x0000000754800000| PB 0x0000000754800000| Untracked 
| 165|0x0000000754a00000, 0x0000000754a00000, 0x0000000754c00000|  0%| F|  |TAMS 0x0000000754a00000| PB 0x0000000754a00000| Untracked 
| 166|0x0000000754c00000, 0x0000000754c00000, 0x0000000754e00000|  0%| F|  |TAMS 0x0000000754c00000| PB 0x0000000754c00000| Untracked 
| 167|0x0000000754e00000, 0x0000000754e00000, 0x0000000755000000|  0%| F|  |TAMS 0x0000000754e00000| PB 0x0000000754e00000| Untracked 
| 168|0x0000000755000000, 0x0000000755000000, 0x0000000755200000|  0%| F|  |TAMS 0x0000000755000000| PB 0x0000000755000000| Untracked 
| 169|0x0000000755200000, 0x0000000755200000, 0x0000000755400000|  0%| F|  |TAMS 0x0000000755200000| PB 0x0000000755200000| Untracked 
| 170|0x0000000755400000, 0x0000000755400000, 0x0000000755600000|  0%| F|  |TAMS 0x0000000755400000| PB 0x0000000755400000| Untracked 
| 171|0x0000000755600000, 0x0000000755600000, 0x0000000755800000|  0%| F|  |TAMS 0x0000000755600000| PB 0x0000000755600000| Untracked 
| 172|0x0000000755800000, 0x0000000755800000, 0x0000000755a00000|  0%| F|  |TAMS 0x0000000755800000| PB 0x0000000755800000| Untracked 
| 173|0x0000000755a00000, 0x0000000755a00000, 0x0000000755c00000|  0%| F|  |TAMS 0x0000000755a00000| PB 0x0000000755a00000| Untracked 
| 174|0x0000000755c00000, 0x0000000755c00000, 0x0000000755e00000|  0%| F|  |TAMS 0x0000000755c00000| PB 0x0000000755c00000| Untracked 
| 175|0x0000000755e00000, 0x0000000755e00000, 0x0000000756000000|  0%| F|  |TAMS 0x0000000755e00000| PB 0x0000000755e00000| Untracked 
| 176|0x0000000756000000, 0x0000000756000000, 0x0000000756200000|  0%| F|  |TAMS 0x0000000756000000| PB 0x0000000756000000| Untracked 
| 177|0x0000000756200000, 0x0000000756200000, 0x0000000756400000|  0%| F|  |TAMS 0x0000000756200000| PB 0x0000000756200000| Untracked 
| 178|0x0000000756400000, 0x0000000756400000, 0x0000000756600000|  0%| F|  |TAMS 0x0000000756400000| PB 0x0000000756400000| Untracked 
| 179|0x0000000756600000, 0x0000000756600000, 0x0000000756800000|  0%| F|  |TAMS 0x0000000756600000| PB 0x0000000756600000| Untracked 
| 180|0x0000000756800000, 0x0000000756800000, 0x0000000756a00000|  0%| F|  |TAMS 0x0000000756800000| PB 0x0000000756800000| Untracked 
| 181|0x0000000756a00000, 0x0000000756a00000, 0x0000000756c00000|  0%| F|  |TAMS 0x0000000756a00000| PB 0x0000000756a00000| Untracked 
| 182|0x0000000756c00000, 0x0000000756c00000, 0x0000000756e00000|  0%| F|  |TAMS 0x0000000756c00000| PB 0x0000000756c00000| Untracked 
| 183|0x0000000756e00000, 0x0000000756e00000, 0x0000000757000000|  0%| F|  |TAMS 0x0000000756e00000| PB 0x0000000756e00000| Untracked 
| 184|0x0000000757000000, 0x0000000757000000, 0x0000000757200000|  0%| F|  |TAMS 0x0000000757000000| PB 0x0000000757000000| Untracked 
| 185|0x0000000757200000, 0x0000000757200000, 0x0000000757400000|  0%| F|  |TAMS 0x0000000757200000| PB 0x0000000757200000| Untracked 
| 186|0x0000000757400000, 0x0000000757400000, 0x0000000757600000|  0%| F|  |TAMS 0x0000000757400000| PB 0x0000000757400000| Untracked 
| 187|0x0000000757600000, 0x0000000757600000, 0x0000000757800000|  0%| F|  |TAMS 0x0000000757600000| PB 0x0000000757600000| Untracked 
| 188|0x0000000757800000, 0x0000000757800000, 0x0000000757a00000|  0%| F|  |TAMS 0x0000000757800000| PB 0x0000000757800000| Untracked 
| 189|0x0000000757a00000, 0x0000000757a00000, 0x0000000757c00000|  0%| F|  |TAMS 0x0000000757a00000| PB 0x0000000757a00000| Untracked 
| 190|0x0000000757c00000, 0x0000000757c00000, 0x0000000757e00000|  0%| F|  |TAMS 0x0000000757c00000| PB 0x0000000757c00000| Untracked 
| 191|0x0000000757e00000, 0x0000000757e00000, 0x0000000758000000|  0%| F|  |TAMS 0x0000000757e00000| PB 0x0000000757e00000| Untracked 
| 192|0x0000000758000000, 0x0000000758000000, 0x0000000758200000|  0%| F|  |TAMS 0x0000000758000000| PB 0x0000000758000000| Untracked 
| 193|0x0000000758200000, 0x0000000758200000, 0x0000000758400000|  0%| F|  |TAMS 0x0000000758200000| PB 0x0000000758200000| Untracked 
| 194|0x0000000758400000, 0x0000000758400000, 0x0000000758600000|  0%| F|  |TAMS 0x0000000758400000| PB 0x0000000758400000| Untracked 
| 195|0x0000000758600000, 0x0000000758600000, 0x0000000758800000|  0%| F|  |TAMS 0x0000000758600000| PB 0x0000000758600000| Untracked 
| 196|0x0000000758800000, 0x0000000758800000, 0x0000000758a00000|  0%| F|  |TAMS 0x0000000758800000| PB 0x0000000758800000| Untracked 
| 197|0x0000000758a00000, 0x0000000758a00000, 0x0000000758c00000|  0%| F|  |TAMS 0x0000000758a00000| PB 0x0000000758a00000| Untracked 
| 198|0x0000000758c00000, 0x0000000758c00000, 0x0000000758e00000|  0%| F|  |TAMS 0x0000000758c00000| PB 0x0000000758c00000| Untracked 
| 199|0x0000000758e00000, 0x0000000758e00000, 0x0000000759000000|  0%| F|  |TAMS 0x0000000758e00000| PB 0x0000000758e00000| Untracked 
| 200|0x0000000759000000, 0x0000000759000000, 0x0000000759200000|  0%| F|  |TAMS 0x0000000759000000| PB 0x0000000759000000| Untracked 
| 201|0x0000000759200000, 0x0000000759200000, 0x0000000759400000|  0%| F|  |TAMS 0x0000000759200000| PB 0x0000000759200000| Untracked 
| 202|0x0000000759400000, 0x0000000759400000, 0x0000000759600000|  0%| F|  |TAMS 0x0000000759400000| PB 0x0000000759400000| Untracked 
| 203|0x0000000759600000, 0x0000000759600000, 0x0000000759800000|  0%| F|  |TAMS 0x0000000759600000| PB 0x0000000759600000| Untracked 
| 204|0x0000000759800000, 0x0000000759800000, 0x0000000759a00000|  0%| F|  |TAMS 0x0000000759800000| PB 0x0000000759800000| Untracked 
| 205|0x0000000759a00000, 0x0000000759a00000, 0x0000000759c00000|  0%| F|  |TAMS 0x0000000759a00000| PB 0x0000000759a00000| Untracked 
| 206|0x0000000759c00000, 0x0000000759c00000, 0x0000000759e00000|  0%| F|  |TAMS 0x0000000759c00000| PB 0x0000000759c00000| Untracked 
| 207|0x0000000759e00000, 0x0000000759e00000, 0x000000075a000000|  0%| F|  |TAMS 0x0000000759e00000| PB 0x0000000759e00000| Untracked 
| 208|0x000000075a000000, 0x000000075a000000, 0x000000075a200000|  0%| F|  |TAMS 0x000000075a000000| PB 0x000000075a000000| Untracked 
| 209|0x000000075a200000, 0x000000075a200000, 0x000000075a400000|  0%| F|  |TAMS 0x000000075a200000| PB 0x000000075a200000| Untracked 
| 210|0x000000075a400000, 0x000000075a400000, 0x000000075a600000|  0%| F|  |TAMS 0x000000075a400000| PB 0x000000075a400000| Untracked 
| 211|0x000000075a600000, 0x000000075a600000, 0x000000075a800000|  0%| F|  |TAMS 0x000000075a600000| PB 0x000000075a600000| Untracked 
| 212|0x000000075a800000, 0x000000075a800000, 0x000000075aa00000|  0%| F|  |TAMS 0x000000075a800000| PB 0x000000075a800000| Untracked 
| 213|0x000000075aa00000, 0x000000075aa00000, 0x000000075ac00000|  0%| F|  |TAMS 0x000000075aa00000| PB 0x000000075aa00000| Untracked 
| 214|0x000000075ac00000, 0x000000075ac00000, 0x000000075ae00000|  0%| F|  |TAMS 0x000000075ac00000| PB 0x000000075ac00000| Untracked 
| 215|0x000000075ae00000, 0x000000075ae00000, 0x000000075b000000|  0%| F|  |TAMS 0x000000075ae00000| PB 0x000000075ae00000| Untracked 
| 216|0x000000075b000000, 0x000000075b000000, 0x000000075b200000|  0%| F|  |TAMS 0x000000075b000000| PB 0x000000075b000000| Untracked 
| 217|0x000000075b200000, 0x000000075b200000, 0x000000075b400000|  0%| F|  |TAMS 0x000000075b200000| PB 0x000000075b200000| Untracked 
| 218|0x000000075b400000, 0x000000075b400000, 0x000000075b600000|  0%| F|  |TAMS 0x000000075b400000| PB 0x000000075b400000| Untracked 
| 219|0x000000075b600000, 0x000000075b600000, 0x000000075b800000|  0%| F|  |TAMS 0x000000075b600000| PB 0x000000075b600000| Untracked 
| 220|0x000000075b800000, 0x000000075b800000, 0x000000075ba00000|  0%| F|  |TAMS 0x000000075b800000| PB 0x000000075b800000| Untracked 
| 221|0x000000075ba00000, 0x000000075ba00000, 0x000000075bc00000|  0%| F|  |TAMS 0x000000075ba00000| PB 0x000000075ba00000| Untracked 
| 222|0x000000075bc00000, 0x000000075bc00000, 0x000000075be00000|  0%| F|  |TAMS 0x000000075bc00000| PB 0x000000075bc00000| Untracked 
| 223|0x000000075be00000, 0x000000075be00000, 0x000000075c000000|  0%| F|  |TAMS 0x000000075be00000| PB 0x000000075be00000| Untracked 
| 224|0x000000075c000000, 0x000000075c000000, 0x000000075c200000|  0%| F|  |TAMS 0x000000075c000000| PB 0x000000075c000000| Untracked 
| 225|0x000000075c200000, 0x000000075c200000, 0x000000075c400000|  0%| F|  |TAMS 0x000000075c200000| PB 0x000000075c200000| Untracked 
| 226|0x000000075c400000, 0x000000075c400000, 0x000000075c600000|  0%| F|  |TAMS 0x000000075c400000| PB 0x000000075c400000| Untracked 
| 227|0x000000075c600000, 0x000000075c600000, 0x000000075c800000|  0%| F|  |TAMS 0x000000075c600000| PB 0x000000075c600000| Untracked 
| 228|0x000000075c800000, 0x000000075c800000, 0x000000075ca00000|  0%| F|  |TAMS 0x000000075c800000| PB 0x000000075c800000| Untracked 
| 229|0x000000075ca00000, 0x000000075ca00000, 0x000000075cc00000|  0%| F|  |TAMS 0x000000075ca00000| PB 0x000000075ca00000| Untracked 
| 230|0x000000075cc00000, 0x000000075cc00000, 0x000000075ce00000|  0%| F|  |TAMS 0x000000075cc00000| PB 0x000000075cc00000| Untracked 
| 231|0x000000075ce00000, 0x000000075ce00000, 0x000000075d000000|  0%| F|  |TAMS 0x000000075ce00000| PB 0x000000075ce00000| Untracked 
| 232|0x000000075d000000, 0x000000075d000000, 0x000000075d200000|  0%| F|  |TAMS 0x000000075d000000| PB 0x000000075d000000| Untracked 
| 233|0x000000075d200000, 0x000000075d200000, 0x000000075d400000|  0%| F|  |TAMS 0x000000075d200000| PB 0x000000075d200000| Untracked 
| 234|0x000000075d400000, 0x000000075d400000, 0x000000075d600000|  0%| F|  |TAMS 0x000000075d400000| PB 0x000000075d400000| Untracked 
| 235|0x000000075d600000, 0x000000075d600000, 0x000000075d800000|  0%| F|  |TAMS 0x000000075d600000| PB 0x000000075d600000| Untracked 
| 236|0x000000075d800000, 0x000000075d800000, 0x000000075da00000|  0%| F|  |TAMS 0x000000075d800000| PB 0x000000075d800000| Untracked 
| 237|0x000000075da00000, 0x000000075da00000, 0x000000075dc00000|  0%| F|  |TAMS 0x000000075da00000| PB 0x000000075da00000| Untracked 
| 238|0x000000075dc00000, 0x000000075dc00000, 0x000000075de00000|  0%| F|  |TAMS 0x000000075dc00000| PB 0x000000075dc00000| Untracked 
| 239|0x000000075de00000, 0x000000075de00000, 0x000000075e000000|  0%| F|  |TAMS 0x000000075de00000| PB 0x000000075de00000| Untracked 
| 240|0x000000075e000000, 0x000000075e000000, 0x000000075e200000|  0%| F|  |TAMS 0x000000075e000000| PB 0x000000075e000000| Untracked 
| 241|0x000000075e200000, 0x000000075e200000, 0x000000075e400000|  0%| F|  |TAMS 0x000000075e200000| PB 0x000000075e200000| Untracked 
| 242|0x000000075e400000, 0x000000075e400000, 0x000000075e600000|  0%| F|  |TAMS 0x000000075e400000| PB 0x000000075e400000| Untracked 
| 243|0x000000075e600000, 0x000000075e600000, 0x000000075e800000|  0%| F|  |TAMS 0x000000075e600000| PB 0x000000075e600000| Untracked 
| 244|0x000000075e800000, 0x000000075e97a468, 0x000000075ea00000| 73%| E|  |TAMS 0x000000075e800000| PB 0x000000075e800000| Complete 
| 245|0x000000075ea00000, 0x000000075ec00000, 0x000000075ec00000|100%| E|CS|TAMS 0x000000075ea00000| PB 0x000000075ea00000| Complete 
| 246|0x000000075ec00000, 0x000000075ee00000, 0x000000075ee00000|100%| E|CS|TAMS 0x000000075ec00000| PB 0x000000075ec00000| Complete 
| 247|0x000000075ee00000, 0x000000075f000000, 0x000000075f000000|100%| E|CS|TAMS 0x000000075ee00000| PB 0x000000075ee00000| Complete 
| 248|0x000000075f000000, 0x000000075f200000, 0x000000075f200000|100%| E|CS|TAMS 0x000000075f000000| PB 0x000000075f000000| Complete 
| 249|0x000000075f200000, 0x000000075f400000, 0x000000075f400000|100%| E|CS|TAMS 0x000000075f200000| PB 0x000000075f200000| Complete 
| 250|0x000000075f400000, 0x000000075f600000, 0x000000075f600000|100%| E|CS|TAMS 0x000000075f400000| PB 0x000000075f400000| Complete 
| 251|0x000000075f600000, 0x000000075f800000, 0x000000075f800000|100%| E|CS|TAMS 0x000000075f600000| PB 0x000000075f600000| Complete 
| 252|0x000000075f800000, 0x000000075fa00000, 0x000000075fa00000|100%| E|CS|TAMS 0x000000075f800000| PB 0x000000075f800000| Complete 
| 253|0x000000075fa00000, 0x000000075fc00000, 0x000000075fc00000|100%| E|CS|TAMS 0x000000075fa00000| PB 0x000000075fa00000| Complete 
| 254|0x000000075fc00000, 0x000000075fe00000, 0x000000075fe00000|100%| E|CS|TAMS 0x000000075fc00000| PB 0x000000075fc00000| Complete 
| 255|0x000000075fe00000, 0x0000000760000000, 0x0000000760000000|100%| E|CS|TAMS 0x000000075fe00000| PB 0x000000075fe00000| Complete 
| 256|0x0000000760000000, 0x0000000760200000, 0x0000000760200000|100%| E|CS|TAMS 0x0000000760000000| PB 0x0000000760000000| Complete 
| 257|0x0000000760200000, 0x0000000760400000, 0x0000000760400000|100%| E|CS|TAMS 0x0000000760200000| PB 0x0000000760200000| Complete 
| 258|0x0000000760400000, 0x0000000760600000, 0x0000000760600000|100%| E|CS|TAMS 0x0000000760400000| PB 0x0000000760400000| Complete 
| 259|0x0000000760600000, 0x0000000760800000, 0x0000000760800000|100%| E|CS|TAMS 0x0000000760600000| PB 0x0000000760600000| Complete 
| 260|0x0000000760800000, 0x0000000760a00000, 0x0000000760a00000|100%| E|CS|TAMS 0x0000000760800000| PB 0x0000000760800000| Complete 
| 261|0x0000000760a00000, 0x0000000760c00000, 0x0000000760c00000|100%| E|CS|TAMS 0x0000000760a00000| PB 0x0000000760a00000| Complete 
| 262|0x0000000760c00000, 0x0000000760e00000, 0x0000000760e00000|100%| E|CS|TAMS 0x0000000760c00000| PB 0x0000000760c00000| Complete 
| 263|0x0000000760e00000, 0x0000000761000000, 0x0000000761000000|100%| E|CS|TAMS 0x0000000760e00000| PB 0x0000000760e00000| Complete 
| 264|0x0000000761000000, 0x0000000761200000, 0x0000000761200000|100%| E|CS|TAMS 0x0000000761000000| PB 0x0000000761000000| Complete 
| 265|0x0000000761200000, 0x0000000761400000, 0x0000000761400000|100%| E|CS|TAMS 0x0000000761200000| PB 0x0000000761200000| Complete 
| 266|0x0000000761400000, 0x0000000761600000, 0x0000000761600000|100%| E|CS|TAMS 0x0000000761400000| PB 0x0000000761400000| Complete 
| 267|0x0000000761600000, 0x0000000761800000, 0x0000000761800000|100%| E|CS|TAMS 0x0000000761600000| PB 0x0000000761600000| Complete 
| 268|0x0000000761800000, 0x0000000761a00000, 0x0000000761a00000|100%| E|CS|TAMS 0x0000000761800000| PB 0x0000000761800000| Complete 
| 269|0x0000000761a00000, 0x0000000761c00000, 0x0000000761c00000|100%| E|CS|TAMS 0x0000000761a00000| PB 0x0000000761a00000| Complete 
| 270|0x0000000761c00000, 0x0000000761e00000, 0x0000000761e00000|100%| E|CS|TAMS 0x0000000761c00000| PB 0x0000000761c00000| Complete 
| 271|0x0000000761e00000, 0x0000000762000000, 0x0000000762000000|100%| E|CS|TAMS 0x0000000761e00000| PB 0x0000000761e00000| Complete 
| 272|0x0000000762000000, 0x0000000762200000, 0x0000000762200000|100%| E|CS|TAMS 0x0000000762000000| PB 0x0000000762000000| Complete 
| 273|0x0000000762200000, 0x0000000762400000, 0x0000000762400000|100%| E|CS|TAMS 0x0000000762200000| PB 0x0000000762200000| Complete 
| 274|0x0000000762400000, 0x0000000762600000, 0x0000000762600000|100%| E|CS|TAMS 0x0000000762400000| PB 0x0000000762400000| Complete 
| 275|0x0000000762600000, 0x0000000762800000, 0x0000000762800000|100%| E|CS|TAMS 0x0000000762600000| PB 0x0000000762600000| Complete 
| 276|0x0000000762800000, 0x0000000762a00000, 0x0000000762a00000|100%| E|CS|TAMS 0x0000000762800000| PB 0x0000000762800000| Complete 
| 277|0x0000000762a00000, 0x0000000762c00000, 0x0000000762c00000|100%| E|CS|TAMS 0x0000000762a00000| PB 0x0000000762a00000| Complete 
| 278|0x0000000762c00000, 0x0000000762e00000, 0x0000000762e00000|100%| E|CS|TAMS 0x0000000762c00000| PB 0x0000000762c00000| Complete 
| 279|0x0000000762e00000, 0x0000000763000000, 0x0000000763000000|100%| E|CS|TAMS 0x0000000762e00000| PB 0x0000000762e00000| Complete 
| 280|0x0000000763000000, 0x0000000763200000, 0x0000000763200000|100%| E|CS|TAMS 0x0000000763000000| PB 0x0000000763000000| Complete 
| 281|0x0000000763200000, 0x0000000763400000, 0x0000000763400000|100%| E|CS|TAMS 0x0000000763200000| PB 0x0000000763200000| Complete 
| 282|0x0000000763400000, 0x0000000763600000, 0x0000000763600000|100%| E|CS|TAMS 0x0000000763400000| PB 0x0000000763400000| Complete 
| 283|0x0000000763600000, 0x0000000763800000, 0x0000000763800000|100%| E|CS|TAMS 0x0000000763600000| PB 0x0000000763600000| Complete 
| 284|0x0000000763800000, 0x0000000763a00000, 0x0000000763a00000|100%| E|CS|TAMS 0x0000000763800000| PB 0x0000000763800000| Complete 
| 285|0x0000000763a00000, 0x0000000763c00000, 0x0000000763c00000|100%| E|CS|TAMS 0x0000000763a00000| PB 0x0000000763a00000| Complete 
| 286|0x0000000763c00000, 0x0000000763e00000, 0x0000000763e00000|100%| E|CS|TAMS 0x0000000763c00000| PB 0x0000000763c00000| Complete 
| 287|0x0000000763e00000, 0x0000000764000000, 0x0000000764000000|100%| E|CS|TAMS 0x0000000763e00000| PB 0x0000000763e00000| Complete 
| 288|0x0000000764000000, 0x0000000764200000, 0x0000000764200000|100%| E|CS|TAMS 0x0000000764000000| PB 0x0000000764000000| Complete 
|1531|0x00000007ff600000, 0x00000007ff800000, 0x00000007ff800000|100%| O|  |TAMS 0x00000007ff600000| PB 0x00000007ff600000| Untracked 
|1532|0x00000007ff800000, 0x00000007ffa00000, 0x00000007ffa00000|100%| E|CS|TAMS 0x00000007ff800000| PB 0x00000007ff800000| Complete 
|1533|0x00000007ffa00000, 0x00000007ffc00000, 0x00000007ffc00000|100%| O|  |TAMS 0x00000007ffa00000| PB 0x00000007ffa00000| Untracked 
|1534|0x00000007ffc00000, 0x00000007ffe00000, 0x00000007ffe00000|100%| O|  |TAMS 0x00000007ffc00000| PB 0x00000007ffc00000| Untracked 
|1535|0x00000007ffe00000, 0x0000000800000000, 0x0000000800000000|100%| E|CS|TAMS 0x00000007ffe00000| PB 0x00000007ffe00000| Complete 

Card table byte_map: [0x0000029944d00000,0x0000029945300000] _byte_map_base: 0x0000029941300000

Marking Bits: (CMBitMap*) 0x000002992cb40fb0
 Bits: [0x0000029945300000, 0x0000029948300000)

Polling page: 0x000002992a930000

Metaspace:

Usage:
  Non-class:    101.68 MB used.
      Class:     16.43 MB used.
       Both:    118.11 MB used.

Virtual space:
  Non-class space:      128.00 MB reserved,     102.81 MB ( 80%) committed,  2 nodes.
      Class space:        1.00 GB reserved,      17.62 MB (  2%) committed,  1 nodes.
             Both:        1.12 GB reserved,     120.44 MB ( 10%) committed. 

Chunk freelists:
   Non-Class:  8.69 MB
       Class:  14.28 MB
        Both:  22.97 MB

MaxMetaspaceSize: unlimited
CompressedClassSpaceSize: 1.00 GB
Initial GC threshold: 21.00 MB
Current GC threshold: 194.06 MB
CDS: on
 - commit_granule_bytes: 65536.
 - commit_granule_words: 8192.
 - virtual_space_node_default_size: 8388608.
 - enlarge_chunks_in_place: 1.
 - use_allocation_guard: 0.


Internal statistics:

num_allocs_failed_limit: 6.
num_arena_births: 4416.
num_arena_deaths: 30.
num_vsnodes_births: 3.
num_vsnodes_deaths: 0.
num_space_committed: 1926.
num_space_uncommitted: 0.
num_chunks_returned_to_freelist: 49.
num_chunks_taken_from_freelist: 10078.
num_chunk_merges: 6.
num_chunk_splits: 6564.
num_chunks_enlarged: 4152.
num_inconsistent_stats: 0.

CodeHeap 'non-profiled nmethods': size=120000Kb used=8640Kb max_used=9068Kb free=111359Kb
 bounds [0x000002993cc80000, 0x000002993d560000, 0x00000299441b0000]
CodeHeap 'profiled nmethods': size=120000Kb used=25315Kb max_used=25315Kb free=94685Kb
 bounds [0x00000299351b0000, 0x0000029936a70000, 0x000002993c6e0000]
CodeHeap 'non-nmethods': size=5760Kb used=2218Kb max_used=2292Kb free=3541Kb
 bounds [0x000002993c6e0000, 0x000002993c950000, 0x000002993cc80000]
 total_blobs=14163 nmethods=13250 adapters=813
 compilation: enabled
              stopped_count=0, restarted_count=0
 full_count=0

Compilation events (20 events):
Event: 51.274 Thread 0x000002994af92d30 nmethod 16134 0x0000029936749510 code [0x00000299367496c0, 0x0000029936749950]
Event: 51.278 Thread 0x000002994af91ea0 nmethod 16055 0x000002993d148310 code [0x000002993d148740, 0x000002993d14a270]
Event: 51.278 Thread 0x000002994af91ea0 16132       4       com.android.tools.r8.graph.r9::a (119 bytes)
Event: 51.283 Thread 0x000002994af92d30 16135       2       com.android.tools.r8.graph.r9::a (16 bytes)
Event: 51.284 Thread 0x000002994af92d30 nmethod 16135 0x0000029936a5e990 code [0x0000029936a5eb60, 0x0000029936a5eea8]
Event: 51.284 Thread 0x000002994af92d30 16136       2       com.android.tools.r8.internal.uk::<init> (15 bytes)
Event: 51.284 Thread 0x000002994af92d30 nmethod 16136 0x0000029936a5f110 code [0x0000029936a5f2a0, 0x0000029936a5f3b0]
Event: 51.306 Thread 0x000002994af91ea0 nmethod 16132 0x000002993d146f10 code [0x000002993d1471a0, 0x000002993d147c10]
Event: 51.307 Thread 0x000002994af91ea0 16050       4       com.android.tools.r8.graph.y5::c (60 bytes)
Event: 51.311 Thread 0x000002994af91ea0 nmethod 16050 0x000002993d146890 code [0x000002993d146a60, 0x000002993d146cc0]
Event: 51.312 Thread 0x000002994af91ea0 16084       4       com.android.tools.r8.graph.r9::b (72 bytes)
Event: 51.320 Thread 0x000002994af92d30 16138       2       com.android.tools.r8.internal.w51::<init> (15 bytes)
Event: 51.320 Thread 0x000002994af92d30 nmethod 16138 0x0000029936a5f490 code [0x0000029936a5f640, 0x0000029936a5f810]
Event: 51.320 Thread 0x000002994af92d30 16139       1       com.android.tools.r8.internal.n61::d (2 bytes)
Event: 51.321 Thread 0x000002994af92d30 nmethod 16139 0x000002993d332710 code [0x000002993d3328a0, 0x000002993d332968]
Event: 51.328 Thread 0x000002994af92d30 16140       3       com.android.tools.r8.graph.r9::a (119 bytes)
Event: 51.329 Thread 0x000002994af92d30 nmethod 16140 0x0000029936a5f890 code [0x0000029936a5fb40, 0x0000029936a607b0]
Event: 51.340 Thread 0x000002994af91ea0 nmethod 16084 0x000002993cf5fe90 code [0x000002993cf600a0, 0x000002993cf60e90]
Event: 51.340 Thread 0x000002994af91ea0 16141       4       com.android.tools.r8.graph.r9::a (165 bytes)
Event: 51.554 Thread 0x000002994af92d30 16144       2       com.android.tools.r8.internal.zl2::k (2 bytes)

GC Heap History (20 events):
Event: 45.766 GC heap before
{Heap before GC invocations=50 (full 0):
 garbage-first heap   total 188416K, used 168415K [0x0000000740000000, 0x0000000800000000)
  region size 2048K, 30 young (61440K), 2 survivors (4096K)
 Metaspace       used 109506K, committed 111872K, reserved 1179648K
  class space    used 15386K, committed 16576K, reserved 1048576K
}
Event: 45.778 GC heap after
{Heap after GC invocations=51 (full 0):
 garbage-first heap   total 188416K, used 117143K [0x0000000740000000, 0x0000000800000000)
  region size 2048K, 4 young (8192K), 4 survivors (8192K)
 Metaspace       used 109506K, committed 111872K, reserved 1179648K
  class space    used 15386K, committed 16576K, reserved 1048576K
}
Event: 47.111 GC heap before
{Heap before GC invocations=51 (full 0):
 garbage-first heap   total 188416K, used 164247K [0x0000000740000000, 0x0000000800000000)
  region size 2048K, 28 young (57344K), 4 survivors (8192K)
 Metaspace       used 111859K, committed 114304K, reserved 1179648K
  class space    used 15580K, committed 16832K, reserved 1048576K
}
Event: 47.121 GC heap after
{Heap after GC invocations=52 (full 0):
 garbage-first heap   total 188416K, used 122339K [0x0000000740000000, 0x0000000800000000)
  region size 2048K, 3 young (6144K), 3 survivors (6144K)
 Metaspace       used 111859K, committed 114304K, reserved 1179648K
  class space    used 15580K, committed 16832K, reserved 1048576K
}
Event: 47.765 GC heap before
{Heap before GC invocations=53 (full 0):
 garbage-first heap   total 204800K, used 169443K [0x0000000740000000, 0x0000000800000000)
  region size 2048K, 27 young (55296K), 3 survivors (6144K)
 Metaspace       used 112594K, committed 115008K, reserved 1179648K
  class space    used 15685K, committed 16896K, reserved 1048576K
}
Event: 47.772 GC heap after
{Heap after GC invocations=54 (full 0):
 garbage-first heap   total 204800K, used 127486K [0x0000000740000000, 0x0000000800000000)
  region size 2048K, 3 young (6144K), 3 survivors (6144K)
 Metaspace       used 112594K, committed 115008K, reserved 1179648K
  class space    used 15685K, committed 16896K, reserved 1048576K
}
Event: 47.951 GC heap before
{Heap before GC invocations=54 (full 0):
 garbage-first heap   total 204800K, used 184830K [0x0000000740000000, 0x0000000800000000)
  region size 2048K, 32 young (65536K), 3 survivors (6144K)
 Metaspace       used 112612K, committed 115072K, reserved 1179648K
  class space    used 15685K, committed 16896K, reserved 1048576K
}
Event: 47.961 GC heap after
{Heap after GC invocations=55 (full 0):
 garbage-first heap   total 212992K, used 140286K [0x0000000740000000, 0x0000000800000000)
  region size 2048K, 4 young (8192K), 4 survivors (8192K)
 Metaspace       used 112612K, committed 115072K, reserved 1179648K
  class space    used 15685K, committed 16896K, reserved 1048576K
}
Event: 48.175 GC heap before
{Heap before GC invocations=55 (full 0):
 garbage-first heap   total 212992K, used 189438K [0x0000000740000000, 0x0000000800000000)
  region size 2048K, 29 young (59392K), 4 survivors (8192K)
 Metaspace       used 113039K, committed 115520K, reserved 1179648K
  class space    used 15732K, committed 16960K, reserved 1048576K
}
Event: 48.178 GC heap after
{Heap after GC invocations=56 (full 0):
 garbage-first heap   total 212992K, used 151035K [0x0000000740000000, 0x0000000800000000)
  region size 2048K, 4 young (8192K), 4 survivors (8192K)
 Metaspace       used 113039K, committed 115520K, reserved 1179648K
  class space    used 15732K, committed 16960K, reserved 1048576K
}
Event: 49.336 GC heap before
{Heap before GC invocations=57 (full 0):
 garbage-first heap   total 253952K, used 187899K [0x0000000740000000, 0x0000000800000000)
  region size 2048K, 23 young (47104K), 4 survivors (8192K)
 Metaspace       used 116354K, committed 118720K, reserved 1179648K
  class space    used 16219K, committed 17408K, reserved 1048576K
}
Event: 49.342 GC heap after
{Heap after GC invocations=58 (full 0):
 garbage-first heap   total 253952K, used 155084K [0x0000000740000000, 0x0000000800000000)
  region size 2048K, 2 young (4096K), 2 survivors (4096K)
 Metaspace       used 116354K, committed 118720K, reserved 1179648K
  class space    used 16219K, committed 17408K, reserved 1048576K
}
Event: 49.625 GC heap before
{Heap before GC invocations=58 (full 0):
 garbage-first heap   total 253952K, used 224716K [0x0000000740000000, 0x0000000800000000)
  region size 2048K, 36 young (73728K), 2 survivors (4096K)
 Metaspace       used 116596K, committed 119040K, reserved 1179648K
  class space    used 16229K, committed 17472K, reserved 1048576K
}
Event: 49.641 GC heap after
{Heap after GC invocations=59 (full 0):
 garbage-first heap   total 253952K, used 166312K [0x0000000740000000, 0x0000000800000000)
  region size 2048K, 5 young (10240K), 5 survivors (10240K)
 Metaspace       used 116596K, committed 119040K, reserved 1179648K
  class space    used 16229K, committed 17472K, reserved 1048576K
}
Event: 49.802 GC heap before
{Heap before GC invocations=59 (full 0):
 garbage-first heap   total 253952K, used 225704K [0x0000000740000000, 0x0000000800000000)
  region size 2048K, 34 young (69632K), 5 survivors (10240K)
 Metaspace       used 116603K, committed 119040K, reserved 1179648K
  class space    used 16230K, committed 17472K, reserved 1048576K
}
Event: 49.820 GC heap after
{Heap after GC invocations=60 (full 0):
 garbage-first heap   total 253952K, used 179295K [0x0000000740000000, 0x0000000800000000)
  region size 2048K, 5 young (10240K), 5 survivors (10240K)
 Metaspace       used 116603K, committed 119040K, reserved 1179648K
  class space    used 16230K, committed 17472K, reserved 1048576K
}
Event: 50.111 GC heap before
{Heap before GC invocations=61 (full 0):
 garbage-first heap   total 301056K, used 226399K [0x0000000740000000, 0x0000000800000000)
  region size 2048K, 28 young (57344K), 5 survivors (10240K)
 Metaspace       used 117193K, committed 119616K, reserved 1179648K
  class space    used 16309K, committed 17536K, reserved 1048576K
}
Event: 50.128 GC heap after
{Heap after GC invocations=62 (full 0):
 garbage-first heap   total 301056K, used 189711K [0x0000000740000000, 0x0000000800000000)
  region size 2048K, 4 young (8192K), 4 survivors (8192K)
 Metaspace       used 117193K, committed 119616K, reserved 1179648K
  class space    used 16309K, committed 17536K, reserved 1048576K
}
Event: 50.934 GC heap before
{Heap before GC invocations=62 (full 0):
 garbage-first heap   total 301056K, used 261391K [0x0000000740000000, 0x0000000800000000)
  region size 2048K, 40 young (81920K), 4 survivors (8192K)
 Metaspace       used 119107K, committed 121536K, reserved 1179648K
  class space    used 16626K, committed 17856K, reserved 1048576K
}
Event: 50.955 GC heap after
{Heap after GC invocations=63 (full 0):
 garbage-first heap   total 602112K, used 201584K [0x0000000740000000, 0x0000000800000000)
  region size 2048K, 5 young (10240K), 5 survivors (10240K)
 Metaspace       used 119107K, committed 121536K, reserved 1179648K
  class space    used 16626K, committed 17856K, reserved 1048576K
}

Dll operation events (15 events):
Event: 0.029 Loaded shared library C:\Program Files\Eclipse Adoptium\jdk-21.0.6.7-hotspot\bin\java.dll
Event: 0.098 Loaded shared library C:\Program Files\Eclipse Adoptium\jdk-21.0.6.7-hotspot\bin\jsvml.dll
Event: 0.166 Loaded shared library C:\Program Files\Eclipse Adoptium\jdk-21.0.6.7-hotspot\bin\zip.dll
Event: 0.171 Loaded shared library C:\Program Files\Eclipse Adoptium\jdk-21.0.6.7-hotspot\bin\instrument.dll
Event: 0.179 Loaded shared library C:\Program Files\Eclipse Adoptium\jdk-21.0.6.7-hotspot\bin\net.dll
Event: 0.182 Loaded shared library C:\Program Files\Eclipse Adoptium\jdk-21.0.6.7-hotspot\bin\nio.dll
Event: 0.185 Loaded shared library C:\Program Files\Eclipse Adoptium\jdk-21.0.6.7-hotspot\bin\zip.dll
Event: 0.737 Loaded shared library C:\Program Files\Eclipse Adoptium\jdk-21.0.6.7-hotspot\bin\jimage.dll
Event: 1.155 Loaded shared library C:\Program Files\Eclipse Adoptium\jdk-21.0.6.7-hotspot\bin\verify.dll
Event: 1.338 Loaded shared library C:\Users\DELL\.gradle\native\1def1411415f61bf3af743bc5b6707747c0891f09f0c88961ee8f79bc544acac\windows-amd64\native-platform.dll
Event: 1.363 Loaded shared library C:\Users\DELL\.gradle\native\0.2.7\x86_64-windows-gnu\gradle-fileevents.dll
Event: 3.780 Loaded shared library C:\Program Files\Eclipse Adoptium\jdk-21.0.6.7-hotspot\bin\management.dll
Event: 3.786 Loaded shared library C:\Program Files\Eclipse Adoptium\jdk-21.0.6.7-hotspot\bin\management_ext.dll
Event: 4.074 Loaded shared library C:\Program Files\Eclipse Adoptium\jdk-21.0.6.7-hotspot\bin\extnet.dll
Event: 4.461 Loaded shared library C:\Program Files\Eclipse Adoptium\jdk-21.0.6.7-hotspot\bin\sunmscapi.dll

Deoptimization events (20 events):
Event: 51.184 Thread 0x000002999614e130 DEOPT PACKING pc=0x0000029936a24260 sp=0x000000f1b50fa090
Event: 51.184 Thread 0x000002999614e130 DEOPT UNPACKING pc=0x000002993c734e42 sp=0x000000f1b50f97c0 mode 0
Event: 51.270 Thread 0x0000029993595530 DEOPT PACKING pc=0x0000029936a24260 sp=0x000000f1b47f9a10
Event: 51.270 Thread 0x0000029993595530 DEOPT UNPACKING pc=0x000002993c734e42 sp=0x000000f1b47f9140 mode 0
Event: 51.284 Thread 0x0000029993595530 DEOPT PACKING pc=0x0000029936a24260 sp=0x000000f1b47f9a10
Event: 51.284 Thread 0x0000029993595530 DEOPT UNPACKING pc=0x000002993c734e42 sp=0x000000f1b47f9140 mode 0
Event: 51.312 Thread 0x000002999614e130 DEOPT PACKING pc=0x0000029936a24260 sp=0x000000f1b50fa090
Event: 51.313 Thread 0x000002999614e130 DEOPT UNPACKING pc=0x000002993c734e42 sp=0x000000f1b50f97c0 mode 0
Event: 51.322 Thread 0x000002999614e130 DEOPT PACKING pc=0x0000029936a24260 sp=0x000000f1b50fa090
Event: 51.322 Thread 0x000002999614e130 DEOPT UNPACKING pc=0x000002993c734e42 sp=0x000000f1b50f97c0 mode 0
Event: 51.326 Thread 0x000002999614e130 Uncommon trap: trap_request=0xffffff45 fr.pc=0x000002993d147920 relative=0x0000000000000780
Event: 51.326 Thread 0x000002999614e130 Uncommon trap: reason=unstable_if action=reinterpret pc=0x000002993d147920 method=com.android.tools.r8.internal.gy0.a(Lcom/android/tools/r8/graph/j6;)Lcom/android/tools/r8/internal/x81; @ 73 c2
Event: 51.326 Thread 0x000002999614e130 DEOPT PACKING pc=0x000002993d147920 sp=0x000000f1b50f9ee0
Event: 51.326 Thread 0x000002999614e130 DEOPT UNPACKING pc=0x000002993c7346a2 sp=0x000000f1b50f9e38 mode 2
Event: 51.378 Thread 0x00000299935968e0 Uncommon trap: trap_request=0xffffff45 fr.pc=0x000002993cffd460 relative=0x00000000000000c0
Event: 51.378 Thread 0x00000299935968e0 Uncommon trap: reason=unstable_if action=reinterpret pc=0x000002993cffd460 method=com.android.tools.r8.internal.bl1.c(Lcom/android/tools/r8/internal/a6;)Z @ 53 c2
Event: 51.378 Thread 0x00000299935968e0 DEOPT PACKING pc=0x000002993cffd460 sp=0x000000f1b4efae00
Event: 51.378 Thread 0x00000299935968e0 DEOPT UNPACKING pc=0x000002993c7346a2 sp=0x000000f1b4efada0 mode 2
Event: 51.392 Thread 0x000002999614e130 DEOPT PACKING pc=0x0000029936a24260 sp=0x000000f1b50fa090
Event: 51.392 Thread 0x000002999614e130 DEOPT UNPACKING pc=0x000002993c734e42 sp=0x000000f1b50f97c0 mode 0

Classes loaded (20 events):
Event: 47.590 Loading class sun/nio/fs/Globs
Event: 47.591 Loading class sun/nio/fs/Globs done
Event: 47.591 Loading class java/util/regex/Pattern$SliceU
Event: 47.591 Loading class java/util/regex/Pattern$SliceU done
Event: 47.591 Loading class sun/nio/fs/WindowsFileSystem$2
Event: 47.591 Loading class sun/nio/fs/WindowsFileSystem$2 done
Event: 47.599 Loading class java/util/zip/ZipFile$ZipEntryIterator
Event: 47.600 Loading class java/util/zip/ZipFile$ZipEntryIterator done
Event: 47.718 Loading class java/util/zip/ZipInputStream
Event: 47.719 Loading class java/util/zip/ZipInputStream done
Event: 48.236 Loading class java/io/UTFDataFormatException
Event: 48.236 Loading class java/io/UTFDataFormatException done
Event: 48.610 Loading class java/util/concurrent/RejectedExecutionException
Event: 48.611 Loading class java/util/concurrent/RejectedExecutionException done
Event: 49.527 Loading class java/util/concurrent/ConcurrentHashMap$TreeNode
Event: 49.527 Loading class java/util/concurrent/ConcurrentHashMap$TreeNode done
Event: 49.527 Loading class java/util/concurrent/ConcurrentHashMap$TreeBin
Event: 49.528 Loading class java/util/concurrent/ConcurrentHashMap$TreeBin done
Event: 49.854 Loading class java/util/concurrent/ConcurrentLinkedQueue$Itr
Event: 49.855 Loading class java/util/concurrent/ConcurrentLinkedQueue$Itr done

Classes unloaded (15 events):
Event: 48.289 Thread 0x000002994af5aa90 Unloading class 0x000002994d005000 'java/lang/invoke/LambdaForm$MH+0x000002994d005000'
Event: 48.289 Thread 0x000002994af5aa90 Unloading class 0x000002994d004800 'java/lang/invoke/LambdaForm$MH+0x000002994d004800'
Event: 48.289 Thread 0x000002994af5aa90 Unloading class 0x000002994d004400 'java/lang/invoke/LambdaForm$MH+0x000002994d004400'
Event: 48.289 Thread 0x000002994af5aa90 Unloading class 0x000002994d003c00 'java/lang/invoke/LambdaForm$MH+0x000002994d003c00'
Event: 48.289 Thread 0x000002994af5aa90 Unloading class 0x000002994d003000 'java/lang/invoke/LambdaForm$MH+0x000002994d003000'
Event: 48.289 Thread 0x000002994af5aa90 Unloading class 0x000002994d002800 'java/lang/invoke/LambdaForm$MH+0x000002994d002800'
Event: 48.289 Thread 0x000002994af5aa90 Unloading class 0x000002994d002400 'java/lang/invoke/LambdaForm$MH+0x000002994d002400'
Event: 48.289 Thread 0x000002994af5aa90 Unloading class 0x000002994d001800 'java/lang/invoke/LambdaForm$MH+0x000002994d001800'
Event: 48.289 Thread 0x000002994af5aa90 Unloading class 0x000002994d001000 'java/lang/invoke/LambdaForm$MH+0x000002994d001000'
Event: 48.289 Thread 0x000002994af5aa90 Unloading class 0x000002994d000800 'java/lang/invoke/LambdaForm$MH+0x000002994d000800'
Event: 48.289 Thread 0x000002994af5aa90 Unloading class 0x000002994d000400 'java/lang/invoke/LambdaForm$MH+0x000002994d000400'
Event: 48.289 Thread 0x000002994af5aa90 Unloading class 0x000002994cffbc00 'java/lang/invoke/LambdaForm$MH+0x000002994cffbc00'
Event: 48.289 Thread 0x000002994af5aa90 Unloading class 0x000002994cffb000 'java/lang/invoke/LambdaForm$MH+0x000002994cffb000'
Event: 48.289 Thread 0x000002994af5aa90 Unloading class 0x000002994cffa800 'java/lang/invoke/LambdaForm$MH+0x000002994cffa800'
Event: 48.289 Thread 0x000002994af5aa90 Unloading class 0x000002994cff9c00 'java/lang/invoke/LambdaForm$MH+0x000002994cff9c00'

Classes redefined (0 events):
No events

Internal exceptions (20 events):
Event: 45.265 Thread 0x0000029996baa4b0 Implicit null exception at 0x000002993d4c146a to 0x000002993d4c1514
Event: 46.570 Thread 0x0000029996badfc0 Exception <a 'sun/nio/fs/WindowsException'{0x00000007499c26a0}> (0x00000007499c26a0) 
thrown [s\src\hotspot\share\prims\jni.cpp, line 520]
Event: 47.043 Thread 0x0000029996bac580 Exception <a 'sun/nio/fs/WindowsException'{0x0000000748b481e0}> (0x0000000748b481e0) 
thrown [s\src\hotspot\share\prims\jni.cpp, line 520]
Event: 47.449 Thread 0x0000029993595530 Implicit null exception at 0x000002993d360edd to 0x000002993d3617d0
Event: 47.600 Thread 0x0000029993595530 Implicit null exception at 0x000002993ceef0ef to 0x000002993ceefc60
Event: 48.958 Thread 0x0000029993595530 Exception <a 'java/lang/NoSuchMethodError'{0x000000074d950e68}: 'java.lang.Object java.lang.invoke.DirectMethodHandle$Holder.invokeStaticInit(java.lang.Object, java.lang.Object, java.lang.Object, java.lang.Object, java.lang.Object, java.lang.Object, java.lang.Object, java.lang.Object, java.lang.Object, java.lang.Object, java.lang.Object, java.lang.Object, java.lang.Object, java.lang.Object, java.lang.Object, java.lang.Object, java.lang.Object, java.lang.Object, java.lang.Object, java.lang.Object, int, java
Event: 48.960 Thread 0x0000029993595530 Exception <a 'java/lang/IncompatibleClassChangeError'{0x000000074d967a00}: Found class java.lang.Object, but interface was expected> (0x000000074d967a00) 
thrown [s\src\hotspot\share\interpreter\linkResolver.cpp, line 840]
Event: 48.961 Thread 0x0000029993595530 Exception <a 'java/lang/IncompatibleClassChangeError'{0x000000074d971cb8}: Found class java.lang.Object, but interface was expected> (0x000000074d971cb8) 
thrown [s\src\hotspot\share\interpreter\linkResolver.cpp, line 840]
Event: 49.042 Thread 0x0000029993595530 Exception <a 'java/lang/IncompatibleClassChangeError'{0x000000074d77db18}: Found class java.lang.Object, but interface was expected> (0x000000074d77db18) 
thrown [s\src\hotspot\share\interpreter\linkResolver.cpp, line 840]
Event: 49.042 Thread 0x000002999614e130 Exception <a 'java/lang/IncompatibleClassChangeError'{0x000000074d9fb0e0}: Found class java.lang.Object, but interface was expected> (0x000000074d9fb0e0) 
thrown [s\src\hotspot\share\interpreter\linkResolver.cpp, line 840]
Event: 49.042 Thread 0x00000299935968e0 Exception <a 'java/lang/IncompatibleClassChangeError'{0x000000074d9062b0}: Found class java.lang.Object, but interface was expected> (0x000000074d9062b0) 
thrown [s\src\hotspot\share\interpreter\linkResolver.cpp, line 840]
Event: 50.407 Thread 0x00000299935968e0 Exception <a 'java/lang/IncompatibleClassChangeError'{0x00000007507c7168}: Found class java.lang.Object, but interface was expected> (0x00000007507c7168) 
thrown [s\src\hotspot\share\interpreter\linkResolver.cpp, line 840]
Event: 50.407 Thread 0x0000029993595530 Exception <a 'java/lang/IncompatibleClassChangeError'{0x0000000750948368}: Found class java.lang.Object, but interface was expected> (0x0000000750948368) 
thrown [s\src\hotspot\share\interpreter\linkResolver.cpp, line 840]
Event: 50.407 Thread 0x000002999614e130 Exception <a 'java/lang/IncompatibleClassChangeError'{0x00000007509ddb28}: Found class java.lang.Object, but interface was expected> (0x00000007509ddb28) 
thrown [s\src\hotspot\share\interpreter\linkResolver.cpp, line 840]
Event: 50.410 Thread 0x0000029993595530 Exception <a 'java/lang/NoSuchMethodError'{0x00000007509524d0}: 'void java.lang.invoke.DirectMethodHandle$Holder.invokeInterface(java.lang.Object, java.lang.Object, java.lang.Object, int)'> (0x00000007509524d0) 
thrown [s\src\hotspot\share\interpreter\linkResolver.cpp, line 773]
Event: 50.410 Thread 0x00000299935968e0 Exception <a 'java/lang/NoSuchMethodError'{0x00000007507cb090}: 'void java.lang.invoke.DirectMethodHandle$Holder.invokeInterface(java.lang.Object, java.lang.Object, java.lang.Object, int)'> (0x00000007507cb090) 
thrown [s\src\hotspot\share\interpreter\linkResolver.cpp, line 773]
Event: 50.410 Thread 0x000002999614e130 Exception <a 'java/lang/NoSuchMethodError'{0x00000007509e1a50}: 'void java.lang.invoke.DirectMethodHandle$Holder.invokeInterface(java.lang.Object, java.lang.Object, java.lang.Object, int)'> (0x00000007509e1a50) 
thrown [s\src\hotspot\share\interpreter\linkResolver.cpp, line 773]
Event: 50.446 Thread 0x00000299935968e0 Implicit null exception at 0x000002993d317e57 to 0x000002993d319844
Event: 50.446 Thread 0x000002999614e130 Implicit null exception at 0x000002993d317e57 to 0x000002993d319844
Event: 50.446 Thread 0x0000029993595530 Implicit null exception at 0x000002993d317e57 to 0x000002993d319844

ZGC Phase Switch (0 events):
No events

VM Operations (20 events):
Event: 50.445 Executing VM operation: HandshakeAllThreads (Deoptimize) done
Event: 50.533 Executing VM operation: HandshakeAllThreads (Deoptimize)
Event: 50.535 Executing VM operation: HandshakeAllThreads (Deoptimize) done
Event: 50.612 Executing VM operation: HandshakeAllThreads (Deoptimize)
Event: 50.613 Executing VM operation: HandshakeAllThreads (Deoptimize) done
Event: 50.625 Executing VM operation: HandshakeAllThreads (Deoptimize)
Event: 50.625 Executing VM operation: HandshakeAllThreads (Deoptimize) done
Event: 50.629 Executing VM operation: HandshakeAllThreads (Deoptimize)
Event: 50.629 Executing VM operation: HandshakeAllThreads (Deoptimize) done
Event: 50.828 Executing VM operation: HandshakeAllThreads (Deoptimize)
Event: 50.829 Executing VM operation: HandshakeAllThreads (Deoptimize) done
Event: 50.925 Executing VM operation: HandshakeAllThreads (Deoptimize)
Event: 50.925 Executing VM operation: HandshakeAllThreads (Deoptimize) done
Event: 50.934 Executing VM operation: G1CollectForAllocation (G1 Evacuation Pause)
Event: 50.955 Executing VM operation: G1CollectForAllocation (G1 Evacuation Pause) done
Event: 51.118 Executing VM operation: HandshakeAllThreads (Deoptimize)
Event: 51.125 Executing VM operation: HandshakeAllThreads (Deoptimize) done
Event: 51.153 Executing VM operation: HandshakeAllThreads (Deoptimize)
Event: 51.153 Executing VM operation: HandshakeAllThreads (Deoptimize) done
Event: 52.161 Executing VM operation: Cleanup

Memory protections (0 events):
No events

Nmethod flushes (20 events):
Event: 49.976 Thread 0x000002994af5aa90 flushing  nmethod 0x0000029935991810
Event: 49.976 Thread 0x000002994af5aa90 flushing  nmethod 0x0000029935b02410
Event: 49.976 Thread 0x000002994af5aa90 flushing  nmethod 0x00000299366edc10
Event: 49.976 Thread 0x000002994af5aa90 flushing osr nmethod 0x000002993d146410
Event: 49.976 Thread 0x000002994af5aa90 flushing  nmethod 0x000002993d533990
Event: 49.976 Thread 0x000002994af5aa90 flushing  nmethod 0x000002993593a190
Event: 49.976 Thread 0x000002994af5aa90 flushing  nmethod 0x0000029935be4b90
Event: 49.976 Thread 0x000002994af5aa90 flushing  nmethod 0x0000029935d1a110
Event: 49.976 Thread 0x000002994af5aa90 flushing  nmethod 0x0000029935e4d090
Event: 49.976 Thread 0x000002994af5aa90 flushing  nmethod 0x0000029936638110
Event: 49.976 Thread 0x000002994af5aa90 flushing  nmethod 0x000002993d239b10
Event: 49.976 Thread 0x000002994af5aa90 flushing  nmethod 0x00000299353efb10
Event: 49.976 Thread 0x000002994af5aa90 flushing  nmethod 0x0000029935441f10
Event: 49.976 Thread 0x000002994af5aa90 flushing  nmethod 0x00000299355ce290
Event: 49.976 Thread 0x000002994af5aa90 flushing  nmethod 0x00000299359aad90
Event: 49.976 Thread 0x000002994af5aa90 flushing  nmethod 0x00000299359d3310
Event: 49.976 Thread 0x000002994af5aa90 flushing  nmethod 0x0000029935d58790
Event: 49.976 Thread 0x000002994af5aa90 flushing  nmethod 0x000002993673c310
Event: 49.976 Thread 0x000002994af5aa90 flushing  nmethod 0x0000029936740c90
Event: 49.976 Thread 0x000002994af5aa90 flushing  nmethod 0x0000029936769090

Events (20 events):
Event: 46.559 Thread 0x0000029995ddb350 Thread exited: 0x0000029995ddb350
Event: 47.001 Thread 0x0000029996badfc0 Thread added: 0x00000299981dd370
Event: 47.061 Thread 0x0000029996bac580 Thread added: 0x00000299981da580
Event: 47.061 Thread 0x0000029996bac580 Thread added: 0x00000299981db930
Event: 47.062 Thread 0x0000029996bac580 Thread added: 0x00000299981dc650
Event: 47.062 Thread 0x0000029996bac580 Thread added: 0x00000299981d9ef0
Event: 47.063 Thread 0x0000029996bac580 Thread added: 0x00000299981e0160
Event: 47.063 Thread 0x0000029996bac580 Thread added: 0x00000299981e07f0
Event: 47.064 Thread 0x0000029996bac580 Thread added: 0x00000299981e0e80
Event: 47.064 Thread 0x0000029996bac580 Thread added: 0x00000299981de090
Event: 47.065 Thread 0x0000029996bac580 Thread added: 0x00000299981dda00
Event: 47.066 Thread 0x0000029996bac580 Thread added: 0x00000299981e1510
Event: 47.067 Thread 0x0000029996bac580 Thread added: 0x00000299981dfad0
Event: 47.068 Thread 0x000002994af92d30 Thread added: 0x0000029995ddd560
Event: 47.209 Thread 0x0000029996bac580 Thread added: 0x00000299981e1ba0
Event: 47.962 Thread 0x0000029995ddd560 Thread exited: 0x0000029995ddd560
Event: 48.057 Thread 0x000002994af92d30 Thread added: 0x0000029995ddb350
Event: 48.572 Thread 0x0000029995ddb350 Thread exited: 0x0000029995ddb350
Event: 49.260 Thread 0x000002994af92d30 Thread added: 0x0000029995ddd560
Event: 49.326 Thread 0x000002994af92d30 Thread added: 0x0000029995de12b0


Dynamic libraries:
0x00007ff7e9030000 - 0x00007ff7e903e000 	C:\Program Files\Eclipse Adoptium\jdk-21.0.6.7-hotspot\bin\java.exe
0x00007ff80fd00000 - 0x00007ff80ff66000 	C:\WINDOWS\SYSTEM32\ntdll.dll
0x00007ff80f350000 - 0x00007ff80f419000 	C:\WINDOWS\System32\KERNEL32.DLL
0x00007ff80d370000 - 0x00007ff80d76f000 	C:\WINDOWS\System32\KERNELBASE.dll
0x00007ff809250000 - 0x00007ff8092ef000 	C:\WINDOWS\SYSTEM32\apphelp.dll
0x00007ff80d080000 - 0x00007ff80d1cc000 	C:\WINDOWS\System32\ucrtbase.dll
0x00007fffefbc0000 - 0x00007fffefbd8000 	C:\Program Files\Eclipse Adoptium\jdk-21.0.6.7-hotspot\bin\jli.dll
0x00007fffef870000 - 0x00007fffef88e000 	C:\Program Files\Eclipse Adoptium\jdk-21.0.6.7-hotspot\bin\VCRUNTIME140.dll
0x00007ff80e930000 - 0x00007ff80eaf6000 	C:\WINDOWS\System32\USER32.dll
0x00007ff80da00000 - 0x00007ff80da27000 	C:\WINDOWS\System32\win32u.dll
0x00007fffe9180000 - 0x00007fffe9411000 	C:\WINDOWS\WinSxS\amd64_microsoft.windows.common-controls_6595b64144ccf1df_6.0.26100.8972_none_3e0da176e32f9d4b\COMCTL32.dll
0x00007ff80eb90000 - 0x00007ff80ebbb000 	C:\WINDOWS\System32\GDI32.dll
0x00007ff80f420000 - 0x00007ff80f4c9000 	C:\WINDOWS\System32\msvcrt.dll
0x00007ff80d840000 - 0x00007ff80d969000 	C:\WINDOWS\System32\gdi32full.dll
0x00007ff80cf10000 - 0x00007ff80cfb3000 	C:\WINDOWS\System32\msvcp_win.dll
0x00007ff80f4d0000 - 0x00007ff80f502000 	C:\WINDOWS\System32\IMM32.DLL
0x00007ff804160000 - 0x00007ff80416c000 	C:\Program Files\Eclipse Adoptium\jdk-21.0.6.7-hotspot\bin\vcruntime140_1.dll
0x00007fff7dc60000 - 0x00007fff7dced000 	C:\Program Files\Eclipse Adoptium\jdk-21.0.6.7-hotspot\bin\msvcp140.dll
0x00007fff58400000 - 0x00007fff59190000 	C:\Program Files\Eclipse Adoptium\jdk-21.0.6.7-hotspot\bin\server\jvm.dll
0x00007ff80da30000 - 0x00007ff80daec000 	C:\WINDOWS\System32\ADVAPI32.dll
0x00007ff80f590000 - 0x00007ff80f63a000 	C:\WINDOWS\System32\sechost.dll
0x00007ff80e190000 - 0x00007ff80e2a8000 	C:\WINDOWS\System32\RPCRT4.dll
0x00007ff80e0d0000 - 0x00007ff80e152000 	C:\WINDOWS\System32\WS2_32.dll
0x00007ff80cd70000 - 0x00007ff80cdce000 	C:\WINDOWS\SYSTEM32\POWRPROF.dll
0x00007ff80a640000 - 0x00007ff80a676000 	C:\WINDOWS\SYSTEM32\WINMM.dll
0x00007ff803930000 - 0x00007ff80393b000 	C:\WINDOWS\SYSTEM32\VERSION.dll
0x00007ff80cd50000 - 0x00007ff80cd65000 	C:\WINDOWS\SYSTEM32\UMPDC.dll
0x00007ff80bbc0000 - 0x00007ff80bbdb000 	C:\WINDOWS\SYSTEM32\kernel.appcore.dll
0x00007ff804060000 - 0x00007ff80406a000 	C:\Program Files\Eclipse Adoptium\jdk-21.0.6.7-hotspot\bin\jimage.dll
0x00007ff80a1e0000 - 0x00007ff80a422000 	C:\WINDOWS\SYSTEM32\DBGHELP.DLL
0x00007ff80e340000 - 0x00007ff80e6c5000 	C:\WINDOWS\System32\combase.dll
0x00007ff80db60000 - 0x00007ff80dc39000 	C:\WINDOWS\System32\OLEAUT32.dll
0x00007ff80a600000 - 0x00007ff80a63b000 	C:\WINDOWS\SYSTEM32\dbgcore.DLL
0x00007ff80cfc0000 - 0x00007ff80d06c000 	C:\WINDOWS\System32\bcryptPrimitives.dll
0x00007fffe7470000 - 0x00007fffe747f000 	C:\Program Files\Eclipse Adoptium\jdk-21.0.6.7-hotspot\bin\instrument.dll
0x00007fffef690000 - 0x00007fffef6af000 	C:\Program Files\Eclipse Adoptium\jdk-21.0.6.7-hotspot\bin\java.dll
0x00007ff80ebc0000 - 0x00007ff80f348000 	C:\WINDOWS\System32\SHELL32.dll
0x00007ff80a980000 - 0x00007ff80b21b000 	C:\WINDOWS\SYSTEM32\windows.storage.dll
0x00007ff80dfa0000 - 0x00007ff80e099000 	C:\WINDOWS\System32\SHCORE.dll
0x00007ff80f640000 - 0x00007ff80f6a6000 	C:\WINDOWS\System32\shlwapi.dll
0x00007ff80ce30000 - 0x00007ff80ce59000 	C:\WINDOWS\SYSTEM32\profapi.dll
0x00007fff7d9d0000 - 0x00007fff7daa7000 	C:\Program Files\Eclipse Adoptium\jdk-21.0.6.7-hotspot\bin\jsvml.dll
0x00007fffe7860000 - 0x00007fffe7878000 	C:\Program Files\Eclipse Adoptium\jdk-21.0.6.7-hotspot\bin\zip.dll
0x00007ff803da0000 - 0x00007ff803db0000 	C:\Program Files\Eclipse Adoptium\jdk-21.0.6.7-hotspot\bin\net.dll
0x00007ffff9cf0000 - 0x00007ffff9e18000 	C:\WINDOWS\SYSTEM32\WINHTTP.dll
0x00007ff80c150000 - 0x00007ff80c1bc000 	C:\WINDOWS\system32\mswsock.dll
0x00007fffef450000 - 0x00007fffef466000 	C:\Program Files\Eclipse Adoptium\jdk-21.0.6.7-hotspot\bin\nio.dll
0x00007ffff8860000 - 0x00007ffff8870000 	C:\Program Files\Eclipse Adoptium\jdk-21.0.6.7-hotspot\bin\verify.dll
0x00007fffe7670000 - 0x00007fffe7697000 	C:\Users\DELL\.gradle\native\1def1411415f61bf3af743bc5b6707747c0891f09f0c88961ee8f79bc544acac\windows-amd64\native-platform.dll
0x00007fffbf020000 - 0x00007fffbf098000 	C:\Users\DELL\.gradle\native\0.2.7\x86_64-windows-gnu\gradle-fileevents.dll
0x00007fffe7850000 - 0x00007fffe785a000 	C:\Program Files\Eclipse Adoptium\jdk-21.0.6.7-hotspot\bin\management.dll
0x00007fffe7840000 - 0x00007fffe784b000 	C:\Program Files\Eclipse Adoptium\jdk-21.0.6.7-hotspot\bin\management_ext.dll
0x00007ff80db50000 - 0x00007ff80db58000 	C:\WINDOWS\System32\PSAPI.DLL
0x00007ff80b5c0000 - 0x00007ff80b5f3000 	C:\WINDOWS\SYSTEM32\IPHLPAPI.DLL
0x00007ff80e180000 - 0x00007ff80e18a000 	C:\WINDOWS\System32\NSI.dll
0x00007fffe7830000 - 0x00007fffe7839000 	C:\Program Files\Eclipse Adoptium\jdk-21.0.6.7-hotspot\bin\extnet.dll
0x00007ff80c570000 - 0x00007ff80c58b000 	C:\WINDOWS\SYSTEM32\CRYPTSP.dll
0x00007ff80bb20000 - 0x00007ff80bb59000 	C:\WINDOWS\system32\rsaenh.dll
0x00007ff80c200000 - 0x00007ff80c232000 	C:\WINDOWS\SYSTEM32\USERENV.dll
0x00007ff80ce00000 - 0x00007ff80ce2a000 	C:\WINDOWS\SYSTEM32\bcrypt.dll
0x00007ff80c3b0000 - 0x00007ff80c3bc000 	C:\WINDOWS\SYSTEM32\CRYPTBASE.dll
0x00007fffe7460000 - 0x00007fffe746e000 	C:\Program Files\Eclipse Adoptium\jdk-21.0.6.7-hotspot\bin\sunmscapi.dll
0x00007ff80d1e0000 - 0x00007ff80d35e000 	C:\WINDOWS\System32\CRYPT32.dll
0x00007ff80c6e0000 - 0x00007ff80c710000 	C:\WINDOWS\SYSTEM32\ncrypt.dll
0x00007ff80c690000 - 0x00007ff80c6cf000 	C:\WINDOWS\SYSTEM32\NTASN1.dll
0x00007ffff1f40000 - 0x00007ffff1f48000 	C:\WINDOWS\system32\wshunix.dll

dbghelp: loaded successfully - version: 4.0.5 - missing functions: none
symbol engine: initialized successfully - sym options: 0x614 - pdb path: .;C:\Program Files\Eclipse Adoptium\jdk-21.0.6.7-hotspot\bin;C:\WINDOWS\SYSTEM32;C:\WINDOWS\WinSxS\amd64_microsoft.windows.common-controls_6595b64144ccf1df_6.0.26100.8972_none_3e0da176e32f9d4b;C:\Program Files\Eclipse Adoptium\jdk-21.0.6.7-hotspot\bin\server;C:\Users\DELL\.gradle\native\1def1411415f61bf3af743bc5b6707747c0891f09f0c88961ee8f79bc544acac\windows-amd64;C:\Users\DELL\.gradle\native\0.2.7\x86_64-windows-gnu

VM Arguments:
jvm_args: --add-opens=java.base/java.lang=ALL-UNNAMED --add-opens=java.base/java.lang.invoke=ALL-UNNAMED --add-opens=java.base/java.util=ALL-UNNAMED --add-opens=java.prefs/java.util.prefs=ALL-UNNAMED --add-exports=jdk.compiler/com.sun.tools.javac.api=ALL-UNNAMED --add-exports=jdk.compiler/com.sun.tools.javac.util=ALL-UNNAMED --add-opens=java.base/java.util=ALL-UNNAMED --add-opens=java.prefs/java.util.prefs=ALL-UNNAMED --add-opens=java.base/java.nio.charset=ALL-UNNAMED --add-opens=java.base/java.net=ALL-UNNAMED --add-opens=java.base/java.util.concurrent.atomic=ALL-UNNAMED --add-opens=java.xml/javax.xml.namespace=ALL-UNNAMED -Xmx3g -Dfile.encoding=UTF-8 -Duser.country=US -Duser.language=en -Duser.variant -javaagent:C:\Users\DELL\.gradle\wrapper\dists\gradle-8.14.3-all\10utluxaxniiv4wxiphsi49nj\gradle-8.14.3\lib\agents\gradle-instrumentation-agent-8.14.3.jar 
java_command: org.gradle.launcher.daemon.bootstrap.GradleDaemon 8.14.3
java_class_path (initial): C:\Users\DELL\.gradle\wrapper\dists\gradle-8.14.3-all\10utluxaxniiv4wxiphsi49nj\gradle-8.14.3\lib\gradle-daemon-main-8.14.3.jar
Launcher Type: SUN_STANDARD

[Global flags]
     intx CICompilerCount                          = 4                                         {product} {ergonomic}
     uint ConcGCThreads                            = 3                                         {product} {ergonomic}
     uint G1ConcRefinementThreads                  = 10                                        {product} {ergonomic}
   size_t G1HeapRegionSize                         = 2097152                                   {product} {ergonomic}
    uintx GCDrainStackTargetSize                   = 64                                        {product} {ergonomic}
   size_t InitialHeapSize                          = 532676608                                 {product} {ergonomic}
   size_t MarkStackSize                            = 4194304                                   {product} {ergonomic}
   size_t MaxHeapSize                              = 3221225472                                {product} {command line}
   size_t MaxNewSize                               = 1931476992                                {product} {ergonomic}
   size_t MinHeapDeltaBytes                        = 2097152                                   {product} {ergonomic}
   size_t MinHeapSize                              = 8388608                                   {product} {ergonomic}
    uintx NonNMethodCodeHeapSize                   = 5839372                                {pd product} {ergonomic}
    uintx NonProfiledCodeHeapSize                  = 122909434                              {pd product} {ergonomic}
    uintx ProfiledCodeHeapSize                     = 122909434                              {pd product} {ergonomic}
    uintx ReservedCodeCacheSize                    = 251658240                              {pd product} {ergonomic}
     bool SegmentedCodeCache                       = true                                      {product} {ergonomic}
   size_t SoftMaxHeapSize                          = 3221225472                             {manageable} {ergonomic}
     bool UseCompressedOops                        = true                           {product lp64_product} {ergonomic}
     bool UseG1GC                                  = true                                      {product} {ergonomic}
     bool UseLargePagesIndividualAllocation        = false                                  {pd product} {ergonomic}

Logging:
Log output configuration:
 #0: stdout all=warning uptime,level,tags foldmultilines=false
 #1: stderr all=off uptime,level,tags foldmultilines=false

Environment Variables:
JAVA_HOME=C:\Program Files\Eclipse Adoptium\jdk-21.0.6.7-hotspot
PATH=C:\Users\DELL\bin;C:\Program Files\Git\mingw64\bin;C:\Program Files\Git\usr\local\bin;C:\Program Files\Git\usr\bin;C:\Program Files\Git\usr\bin;C:\Program Files\Git\mingw64\bin;C:\Program Files\Git\usr\bin;C:\Users\DELL\bin;C:\Program Files (x86)\Common Files\Intel\Shared Libraries\redist\intel64_win\compiler;C:\Program Files\Eclipse Adoptium\jdk-21.0.6.7-hotspot\bin;C:\Users\DELL\AppData\Local\Packages\PythonSoftwareFoundation.Python.3.13_qbz5n2kfra8p0\LocalCache\local-packages\Python313\Scripts;C:\Windows\system32;C:\Windows;C:\Windows\System32\Wbem;C:\Windows\System32\WindowsPowerShell\v1.0;C:\Windows\System32\OpenSSH;C:\Program Files\dotnet;C:\ProgramData\chocolatey\bin;C:\Users\DELL\AppData\Local\Programs\cursor\resources\app\bin;C:\Users\DELL\anaconda3;C:\Users\DELL\anaconda3\Scripts;C:\Users\DELL\anaconda3\Library\bin;C:\TDM-GCC-64\bin;C:\Users\DELL\.cargo\bin;C:\Program Files\sqlite;C:\Program Files\MongoDB\Server\8.0\bin;C:\Users\DELL\AppData\Roaming\npm;C:\WINDOWS\system32;C:\WINDOWS;C:\WINDOWS\System32\Wbem;C:\WINDOWS\System32\WindowsPowerShell\v1.0;C:\WINDOWS\System32\OpenSSH;C:\Program Files\graphviz-12.2.1\windows\bin;C:\Program Files\Java\jdk-23;C:\Program Files\Java\jdk-23\bin;C:\Program Files\nodejs;C:\Users\DELL\.local\bin\claude.exe;C:\Program Files\Git\cmd;C:\Program Files\Docker\Docker\resources\bin;C:\Users\DELL\AppData\Local\Programs\Python\Python311\Scripts;C:\Users\DELL\AppData\Local\Programs\Python\Python311;C:\Users\DELL\AppData\Local\Microsoft\WindowsApps;C:\Users\DELL\AppData\Local\Programs\Microsoft VS Code\bin;C:\Users\DELL\.dotnet\tools;C:\msys64;C:\Program Files\JetBrains\PyCharm 2024.3.3\bin;C:\Program Files\JetBrains\PyCharm Community Edition 2024.3.5\bin;C:\Users\DELL\AppData\Local\Google\Cloud SDK\google-cloud-sdk\bin;C:\Users\DELL\AppData\Local\Programs\Python\Python315;C:\Users\DELL\AppData\Local\Programs\Python\Python312;C:\Users\DELL\AppData\Local\Programs\Python\Python311;C:\Program Files\nodejs;C:\Program Files\Git\mingw64\bin;C:\Program Files\Git\usr\bin\vendor_perl;C:\Program Files\Git\usr\bin\core_perl;C:\Users\DELL\AppData\Roaming\Claude\local-agent-mode-sessions\14838bfd-2a6a-42f7-9afc-92f10d39c901\503edf86-930f-425e-9943-bd7b286f410c\rpm\plugin_011v5h6QUzBZvas64y44XLhy\bin;C:\Users\DELL\AppData\Roaming\Claude\local-agent-mode-sessions\14838bfd-2a6a-42f7-9afc-92f10d39c901\503edf86-930f-425e-9943-bd7b286f410c\rpm\plugin_012ABz1xjgtJYWKrcJkXW6ad\bin;C:\Users\DELL\AppData\Roaming\Claude\local-agent-mode-sessions\14838bfd-2a6a-42f7-9afc-92f10d39c901\503edf86-930f-425e-9943-bd7b286f410c\rpm\plugin_014WxCYbLf7f3uw2isHFR9US\bin;C:\Users\DELL\AppData\Roaming\Claude\local-agent-mode-sessions\14838bfd-2a6a-42f7-9afc-92f10d39c901\503edf86-930f-425e-9943-bd7b286f410c\rpm\plugin_0155zZVATbJU3jHUmPP9NvMC\bin;C:\Users\DELL\AppData\Roaming\Claude\local-agent-mode-sessions\14838bfd-2a6a-42f7-9afc-92f10d39c901\503edf86-930f-425e-9943-bd7b286f410c\rpm\plugin_019iPNgSpqW7kdNT72VAaUud\bin;C:\Users\DELL\AppData\Roaming\Claude\local-agent-mode-sessions\14838bfd-2a6a-42f7-9afc-92f10d39c901\503edf86-930f-425e-9943-bd7b286f410c\rpm\plugin_019TBdWa5NQJJuDFmEc4k6BJ\bin;C:\Users\DELL\AppData\Roaming\Claude\local-agent-mode-sessions\14838bfd-2a6a-42f7-9afc-92f10d39c901\503edf86-930f-425e-9943-bd7b286f410c\rpm\plugin_019XQ3kYMHjpnY1RcxCZttGb\bin;C:\Users\DELL\AppData\Roaming\Claude\local-agent-mode-sessions\14838bfd-2a6a-42f7-9afc-92f10d39c901\503edf86-930f-425e-9943-bd7b286f410c\rpm\plugin_01AYHYqVLaZRH2Vi6aHgDwEw\bin;C:\Users\DELL\AppData\Roaming\Claude\local-agent-mode-sessions\14838bfd-2a6a-42f7-9afc-92f10d39c901\503edf86-930f-425e-9943-bd7b286f410c\rpm\plugin_01BYoFffWxgV8R5TZ6fEVCih\bin;C:\Users\DELL\AppData\Roaming\Claude\local-agent-mode-sessions\14838bfd-2a6a-42f7-9afc-92f10d39c901\503edf86-930f-425e-9943-bd7b286f410c\rpm\plugin_01FTLa86dhbVJ3HB1LdHdhN7\bin;C:\Users\DELL\AppData\Roaming\Claude\local-agent-mode-sessions\14838bfd-2a6a-42f7-9afc-92f10d39c901\503edf86-930f-425e-9943-bd7b286f410c\rpm\plugin_01KmRfL8EXGF3PeqMRzef1TR\bin;C:\Users\DELL\AppData\Roaming\Claude\local-agent-mode-sessions\14838bfd-2a6a-42f7-9afc-92f10d39c901\503edf86-930f-425e-9943-bd7b286f410c\rpm\plugin_01VTbvGZYaCVU2CNSvhDCnkg\bin;C:\Users\DELL\AppData\Roaming\Claude\local-agent-mode-sessions\14838bfd-2a6a-42f7-9afc-92f10d39c901\503edf86-930f-425e-9943-bd7b286f410c\rpm\plugin_01XXJmxLXPEhPMmnxmrgntNw\bin;C:\Users\DELL\AppData\Roaming\Claude\local-agent-mode-sessions\skills-plugin\503edf86-930f-425e-9943-bd7b286f410c\14838bfd-2a6a-42f7-9afc-92f10d39c901\bin
USERNAME=DELL
SHELL=C:\Program Files\Git\usr\bin\bash.exe
TERM=xterm-256color
OS=Windows_NT
PROCESSOR_IDENTIFIER=Intel64 Family 6 Model 186 Stepping 3, GenuineIntel
TMP=C:\Users\DELL\AppData\Local\Temp
TEMP=C:\Users\DELL\AppData\Local\Temp




Periodic native trim disabled

---------------  S Y S T E M  ---------------

OS:
 Windows 11 , 64 bit Build 26100 (10.0.26100.9168)
OS uptime: 3 days 1:59 hours
Hyper-V role detected

CPU: total 12 (initial active 12) (6 cores per cpu, 2 threads per core) family 6 model 186 stepping 3 microcode 0x4128, cx8, cmov, fxsr, ht, mmx, 3dnowpref, sse, sse2, sse3, ssse3, sse4.1, sse4.2, popcnt, lzcnt, tsc, tscinvbit, avx, avx2, aes, erms, clmul, bmi1, bmi2, adx, sha, fma, vzeroupper, clflush, clflushopt, clwb, hv, serialize, rdtscp, rdpid, fsrm, f16c, cet_ibt, cet_ss
Processor Information for the first 12 processors :
  Max Mhz: 1700, Current Mhz: 1700, Mhz Limit: 1700

Memory: 4k page, system-wide physical 32452M (7410M free)
TotalPageFile size 116065M (AvailPageFile size 35M)
current process WorkingSet (physical memory assigned to process): 763M, peak: 763M
current process commit charge ("private bytes"): 1032M, peak: 1032M

vm_info: OpenJDK 64-Bit Server VM (21.0.6+7-LTS) for windows-amd64 JRE (21.0.6+7-LTS), built on 2025-01-21T00:00:00Z by "admin" with MS VC++ 17.7 (VS2022)

END.
