#
# There is insufficient memory for the Java Runtime Environment to continue.
# Native memory allocation (malloc) failed to allocate 1220224 bytes. Error detail: Chunk::new
# Possible reasons:
#   The system is out of physical RAM or swap space
#   This process is running with CompressedOops enabled, and the Java Heap may be blocking the growth of the native heap
# Possible solutions:
#   Reduce memory load on the system
#   Increase physical memory or swap space
#   Check if swap backing store is full
#   Decrease Java heap size (-Xmx/-Xms)
#   Decrease number of Java threads
#   Decrease Java thread stack sizes (-Xss)
#   Set larger code cache with -XX:ReservedCodeCacheSize=
#   JVM is running with Zero Based Compressed Oops mode in which the Java heap is
#     placed in the first 32GB address space. The Java Heap base address is the
#     maximum limit for the native heap growth. Please use -XX:HeapBaseMinAddress
#     to set the Java Heap base and to place the Java Heap above 32GB virtual address.
# This output file may be truncated or incomplete.
#
#  Out of Memory Error (arena.cpp:168), pid=53760, tid=51848
#
# JRE version: OpenJDK Runtime Environment Temurin-21.0.6+7 (21.0.6+7) (build 21.0.6+7-LTS)
# Java VM: OpenJDK 64-Bit Server VM Temurin-21.0.6+7 (21.0.6+7-LTS, mixed mode, sharing, tiered, compressed oops, compressed class ptrs, g1 gc, windows-amd64)
# No core dump will be written. Minidumps are not enabled by default on client versions of Windows
#

---------------  S U M M A R Y ------------

Command Line: --add-opens=java.base/java.lang=ALL-UNNAMED --add-opens=java.base/java.lang.invoke=ALL-UNNAMED --add-opens=java.base/java.util=ALL-UNNAMED --add-opens=java.prefs/java.util.prefs=ALL-UNNAMED --add-exports=jdk.compiler/com.sun.tools.javac.api=ALL-UNNAMED --add-exports=jdk.compiler/com.sun.tools.javac.util=ALL-UNNAMED --add-opens=java.base/java.util=ALL-UNNAMED --add-opens=java.prefs/java.util.prefs=ALL-UNNAMED --add-opens=java.base/java.nio.charset=ALL-UNNAMED --add-opens=java.base/java.net=ALL-UNNAMED --add-opens=java.base/java.util.concurrent.atomic=ALL-UNNAMED --add-opens=java.xml/javax.xml.namespace=ALL-UNNAMED -Xmx3g -Dfile.encoding=UTF-8 -Duser.country=US -Duser.language=en -Duser.variant -javaagent:C:\Users\DELL\.gradle\wrapper\dists\gradle-8.14.3-all\10utluxaxniiv4wxiphsi49nj\gradle-8.14.3\lib\agents\gradle-instrumentation-agent-8.14.3.jar org.gradle.launcher.daemon.bootstrap.GradleDaemon 8.14.3

Host: 13th Gen Intel(R) Core(TM) i7-1355U, 12 cores, 31G,  Windows 11 , 64 bit Build 26100 (10.0.26100.9168)
Time: Fri Aug 21 06:34:26 2026 E. Africa Standard Time elapsed time: 42.128888 seconds (0d 0h 0m 42s)

---------------  T H R E A D  ---------------

Current thread (0x00000268394937e0):  JavaThread "C2 CompilerThread0" daemon [_thread_in_native, id=51848, stack(0x000000a6a8400000,0x000000a6a8500000) (1024K)]


Current CompileTask:
C2:42128 15302       4       java.lang.invoke.MethodHandleImpl::makePairwiseConvertByEditor (617 bytes)

Stack: [0x000000a6a8400000,0x000000a6a8500000]
Native frames: (J=compiled Java code, j=interpreted, Vv=VM code, C=native code)
V  [jvm.dll+0x6cdee9]
V  [jvm.dll+0x8a83d1]
V  [jvm.dll+0x8aa8fe]
V  [jvm.dll+0x8aafe3]
V  [jvm.dll+0x27f706]
V  [jvm.dll+0xc500d]
V  [jvm.dll+0xc5543]
V  [jvm.dll+0x3b678c]
V  [jvm.dll+0x1dfe13]
V  [jvm.dll+0x247b42]
V  [jvm.dll+0x246fcf]
V  [jvm.dll+0x1c75ee]
V  [jvm.dll+0x25685a]
V  [jvm.dll+0x254dfa]
V  [jvm.dll+0x3f0256]
V  [jvm.dll+0x851f8b]
V  [jvm.dll+0x6cc5ed]
C  [ucrtbase.dll+0x2cd30]
C  [KERNEL32.DLL+0x2ccb7]
C  [ntdll.dll+0xaad6c]


---------------  P R O C E S S  ---------------

Threads class SMR info:
_java_thread_list=0x0000026803ba0170, length=170, elements={
0x000002681affae10, 0x000002683947b620, 0x000002683947c070, 0x0000026839480640,
0x0000026839481680, 0x0000026839485080, 0x0000026839492860, 0x00000268394937e0,
0x00000268394a2470, 0x0000026839530c90, 0x000002683979d590, 0x0000026800df3220,
0x0000026800359680, 0x0000026800fc2000, 0x0000026801077510, 0x0000026801078250,
0x0000026800e91aa0, 0x0000026800f349e0, 0x000002680109d870, 0x0000026800edb840,
0x0000026800ede630, 0x0000026800edcbf0, 0x0000026800edbed0, 0x0000026800eddfa0,
0x0000026800edc560, 0x0000026800edd280, 0x0000026800edb1b0, 0x0000026802aafab0,
0x0000026802aaf420, 0x0000026802aaccc0, 0x0000026802aad350, 0x0000026802aae700,
0x0000026803cdc440, 0x0000026803cd8fc0, 0x0000026803cdcad0, 0x0000026803cdd160,
0x0000026803cd9ce0, 0x0000026803cda370, 0x0000026803cdd7f0, 0x0000026803cdff50,
0x0000026803cdf8c0, 0x0000026803cdf230, 0x0000026803cdde80, 0x0000026803cde510,
0x0000026803cdeba0, 0x000002680369b040, 0x000002680369bd60, 0x0000026803699600,
0x000002680369a320, 0x000002680369a9b0, 0x000002680369c3f0, 0x000002680369b6d0,
0x0000026803698f70, 0x000002680369ca80, 0x0000026803699c90, 0x000002680369eb50,
0x000002680369f870, 0x000002680369f1e0, 0x000002680369d110, 0x000002680369ff00,
0x000002680369de30, 0x000002680369d7a0, 0x000002680369e4c0, 0x00000268036a0590,
0x000002680219e140, 0x000002680219f4f0, 0x00000268021a0f30, 0x0000026803cdb720,
0x00000268021a3690, 0x0000026802ab0140, 0x0000026801f3f740, 0x0000026801f3fdd0,
0x0000026801f3cfe0, 0x0000026801f3c950, 0x0000026801f40af0, 0x0000026801f40460,
0x0000026801f3d670, 0x0000026801f41180, 0x0000026801f3ea20, 0x0000026801f3f0b0,
0x0000026801f41810, 0x0000026801f3e390, 0x0000026801f438e0, 0x0000026801f42530,
0x0000026801f41ea0, 0x0000026801f42bc0, 0x0000026801f43250, 0x0000026801f43f70,
0x0000026803fa2c00, 0x0000026803fa3290, 0x0000026803fa11c0, 0x0000026803fa59f0,
0x0000026803fa6080, 0x0000026803fa4cd0, 0x0000026803fa6710, 0x0000026803fa7430,
0x0000026803752310, 0x00000268037564b0, 0x0000026803755e20, 0x0000026803756b40,
0x0000026803754a70, 0x00000268056a0d10, 0x00000268056a2750, 0x00000268056a20c0,
0x00000268056a13a0, 0x00000268056a1a30, 0x00000268056a2de0, 0x00000268056a3470,
0x00000268056a3b00, 0x00000268056a0680, 0x00000268056a5bd0, 0x00000268056a6f80,
0x00000268056a6260, 0x00000268056a7610, 0x00000268056a68f0, 0x00000268056a5540,
0x00000268056a4190, 0x00000268056a7ca0, 0x00000268056a4820, 0x00000268056a4eb0,
0x0000026802c1e0b0, 0x0000026802c1d390, 0x0000026802c1f460, 0x0000026802c1faf0,
0x0000026802c20180, 0x0000026802c1e740, 0x0000026802c1cd00, 0x0000026802c20810,
0x0000026802c1da20, 0x0000026802c21bc0, 0x0000026802c22250, 0x0000026802c1edd0,
0x0000026802c228e0, 0x0000026802c22f70, 0x0000026802c23600, 0x0000026802c23c90,
0x0000026802c24320, 0x0000026802c20ea0, 0x0000026802c21530, 0x0000026803fa5360,
0x0000026803fa6da0, 0x0000026805006630, 0x0000026805007350, 0x0000026805005fa0,
0x000002680500a140, 0x00000268050079e0, 0x0000026805008700, 0x0000026805008d90,
0x0000026805008070, 0x0000026805009420, 0x0000026805006cc0, 0x000002680500ae60,
0x000002680500a7d0, 0x000002680500b4f0, 0x000002680500bb80, 0x000002680500f690,
0x000002680500c8a0, 0x000002680500f000, 0x000002680500c210, 0x000002680500fd20,
0x000002680500cf30, 0x0000026805010a40, 0x00000268050103b0, 0x000002680500d5c0,
0x00000268050110d0, 0x000002680500dc50, 0x000002680500e2e0, 0x0000026805011760,
0x0000026804052ba0, 0x0000026804bb7530
}

Java Threads: ( => current thread )
  0x000002681affae10 JavaThread "main"                              [_thread_blocked, id=51032, stack(0x000000a6a7600000,0x000000a6a7700000) (1024K)]
  0x000002683947b620 JavaThread "Reference Handler"          daemon [_thread_blocked, id=46804, stack(0x000000a6a7e00000,0x000000a6a7f00000) (1024K)]
  0x000002683947c070 JavaThread "Finalizer"                  daemon [_thread_blocked, id=2792, stack(0x000000a6a7f00000,0x000000a6a8000000) (1024K)]
  0x0000026839480640 JavaThread "Signal Dispatcher"          daemon [_thread_blocked, id=38580, stack(0x000000a6a8000000,0x000000a6a8100000) (1024K)]
  0x0000026839481680 JavaThread "Attach Listener"            daemon [_thread_blocked, id=36476, stack(0x000000a6a8100000,0x000000a6a8200000) (1024K)]
  0x0000026839485080 JavaThread "Service Thread"             daemon [_thread_blocked, id=53476, stack(0x000000a6a8200000,0x000000a6a8300000) (1024K)]
  0x0000026839492860 JavaThread "Monitor Deflation Thread"   daemon [_thread_blocked, id=25936, stack(0x000000a6a8300000,0x000000a6a8400000) (1024K)]
=>0x00000268394937e0 JavaThread "C2 CompilerThread0"         daemon [_thread_in_native, id=51848, stack(0x000000a6a8400000,0x000000a6a8500000) (1024K)]
  0x00000268394a2470 JavaThread "C1 CompilerThread0"         daemon [_thread_in_vm, id=39192, stack(0x000000a6a8500000,0x000000a6a8600000) (1024K)]
  0x0000026839530c90 JavaThread "Common-Cleaner"             daemon [_thread_blocked, id=8388, stack(0x000000a6a8600000,0x000000a6a8700000) (1024K)]
  0x000002683979d590 JavaThread "Notification Thread"        daemon [_thread_blocked, id=9496, stack(0x000000a6a8700000,0x000000a6a8800000) (1024K)]
  0x0000026800df3220 JavaThread "Daemon health stats"               [_thread_blocked, id=47024, stack(0x000000a6a8900000,0x000000a6a8a00000) (1024K)]
  0x0000026800359680 JavaThread "Incoming local TCP Connector on port 13099"        [_thread_in_native, id=29876, stack(0x000000a6a9300000,0x000000a6a9400000) (1024K)]
  0x0000026800fc2000 JavaThread "Daemon periodic checks"            [_thread_blocked, id=47920, stack(0x000000a6a9400000,0x000000a6a9500000) (1024K)]
  0x0000026801077510 JavaThread "Daemon"                            [_thread_blocked, id=37232, stack(0x000000a6a9500000,0x000000a6a9600000) (1024K)]
  0x0000026801078250 JavaThread "Handler for socket connection from /127.0.0.1:13099 to /127.0.0.1:13100"        [_thread_in_native, id=44448, stack(0x000000a6a9600000,0x000000a6a9700000) (1024K)]
  0x0000026800e91aa0 JavaThread "Cancel handler"                    [_thread_blocked, id=22388, stack(0x000000a6a9700000,0x000000a6a9800000) (1024K)]
  0x0000026800f349e0 JavaThread "Daemon worker"                     [_thread_blocked, id=38732, stack(0x000000a6a9800000,0x000000a6a9900000) (1024K)]
  0x000002680109d870 JavaThread "Asynchronous log dispatcher for DefaultDaemonConnection: socket connection from /127.0.0.1:13099 to /127.0.0.1:13100"        [_thread_blocked, id=3060, stack(0x000000a6a9900000,0x000000a6a9a00000) (1024K)]
  0x0000026800edb840 JavaThread "Stdin handler"                     [_thread_blocked, id=41816, stack(0x000000a6a9a00000,0x000000a6a9b00000) (1024K)]
  0x0000026800ede630 JavaThread "Daemon client event forwarder"        [_thread_blocked, id=35700, stack(0x000000a6a9b00000,0x000000a6a9c00000) (1024K)]
  0x0000026800edcbf0 JavaThread "Cache worker for journal cache (C:\Users\DELL\.gradle\caches\journal-1)"        [_thread_blocked, id=52956, stack(0x000000a6a8800000,0x000000a6a8900000) (1024K)]
  0x0000026800edbed0 JavaThread "File lock request listener"        [_thread_in_native, id=23556, stack(0x000000a6a9c00000,0x000000a6a9d00000) (1024K)]
  0x0000026800eddfa0 JavaThread "Cache worker for file hash cache (C:\Users\DELL\.gradle\caches\8.14.3\fileHashes)"        [_thread_blocked, id=5644, stack(0x000000a6a9d00000,0x000000a6a9e00000) (1024K)]
  0x0000026800edc560 JavaThread "Cache worker for file hash cache (C:\Users\DELL\dev\365plus\.gradle\8.14.3\fileHashes)"        [_thread_blocked, id=42032, stack(0x000000a6aa100000,0x000000a6aa200000) (1024K)]
  0x0000026800edd280 JavaThread "Cache worker for Build Output Cleanup Cache (C:\Users\DELL\dev\365plus\.gradle\buildOutputCleanup)"        [_thread_blocked, id=18128, stack(0x000000a6aa200000,0x000000a6aa300000) (1024K)]
  0x0000026800edb1b0 JavaThread "File watcher server"        daemon [_thread_in_native, id=40824, stack(0x000000a6a9e00000,0x000000a6a9f00000) (1024K)]
  0x0000026802aafab0 JavaThread "File watcher consumer"      daemon [_thread_blocked, id=17596, stack(0x000000a6aa300000,0x000000a6aa400000) (1024K)]
  0x0000026802aaf420 JavaThread "Cache worker for checksums cache (C:\Users\DELL\dev\365plus\.gradle\8.14.3\checksums)"        [_thread_blocked, id=29008, stack(0x000000a6aa600000,0x000000a6aa700000) (1024K)]
  0x0000026802aaccc0 JavaThread "Cache worker for file content cache (C:\Users\DELL\.gradle\caches\8.14.3\fileContent)"        [_thread_blocked, id=30512, stack(0x000000a6aa700000,0x000000a6aa800000) (1024K)]
  0x0000026802aad350 JavaThread "Cache worker for cache directory md-supplier (C:\Users\DELL\.gradle\caches\8.14.3\md-supplier)"        [_thread_blocked, id=32284, stack(0x000000a6aa800000,0x000000a6aa900000) (1024K)]
  0x0000026802aae700 JavaThread "Cache worker for cache directory md-rule (C:\Users\DELL\.gradle\caches\8.14.3\md-rule)"        [_thread_blocked, id=50736, stack(0x000000a6aa900000,0x000000a6aaa00000) (1024K)]
  0x0000026803cdc440 JavaThread "Unconstrained build operations"        [_thread_blocked, id=49784, stack(0x000000a6aa500000,0x000000a6aa600000) (1024K)]
  0x0000026803cd8fc0 JavaThread "Unconstrained build operations Thread 2"        [_thread_blocked, id=36332, stack(0x000000a6aaa00000,0x000000a6aab00000) (1024K)]
  0x0000026803cdcad0 JavaThread "Unconstrained build operations Thread 3"        [_thread_blocked, id=35908, stack(0x000000a6aab00000,0x000000a6aac00000) (1024K)]
  0x0000026803cdd160 JavaThread "Unconstrained build operations Thread 4"        [_thread_blocked, id=45200, stack(0x000000a6aac00000,0x000000a6aad00000) (1024K)]
  0x0000026803cd9ce0 JavaThread "Unconstrained build operations Thread 5"        [_thread_blocked, id=15796, stack(0x000000a6aad00000,0x000000a6aae00000) (1024K)]
  0x0000026803cda370 JavaThread "Unconstrained build operations Thread 6"        [_thread_blocked, id=21404, stack(0x000000a6aae00000,0x000000a6aaf00000) (1024K)]
  0x0000026803cdd7f0 JavaThread "Unconstrained build operations Thread 7"        [_thread_blocked, id=15092, stack(0x000000a6aaf00000,0x000000a6ab000000) (1024K)]
  0x0000026803cdff50 JavaThread "Unconstrained build operations Thread 8"        [_thread_blocked, id=40816, stack(0x000000a6ab000000,0x000000a6ab100000) (1024K)]
  0x0000026803cdf8c0 JavaThread "Unconstrained build operations Thread 9"        [_thread_blocked, id=24672, stack(0x000000a6ab100000,0x000000a6ab200000) (1024K)]
  0x0000026803cdf230 JavaThread "Unconstrained build operations Thread 10"        [_thread_in_Java, id=46408, stack(0x000000a6ab200000,0x000000a6ab300000) (1024K)]
  0x0000026803cdde80 JavaThread "Unconstrained build operations Thread 11"        [_thread_blocked, id=45992, stack(0x000000a6ab300000,0x000000a6ab400000) (1024K)]
  0x0000026803cde510 JavaThread "Unconstrained build operations Thread 12"        [_thread_blocked, id=53676, stack(0x000000a6ab500000,0x000000a6ab600000) (1024K)]
  0x0000026803cdeba0 JavaThread "Unconstrained build operations Thread 13"        [_thread_blocked, id=39360, stack(0x000000a6ab600000,0x000000a6ab700000) (1024K)]
  0x000002680369b040 JavaThread "Unconstrained build operations Thread 14"        [_thread_blocked, id=39220, stack(0x000000a6ab700000,0x000000a6ab800000) (1024K)]
  0x000002680369bd60 JavaThread "Unconstrained build operations Thread 15"        [_thread_blocked, id=40724, stack(0x000000a6ab800000,0x000000a6ab900000) (1024K)]
  0x0000026803699600 JavaThread "Unconstrained build operations Thread 16"        [_thread_blocked, id=11148, stack(0x000000a6ab900000,0x000000a6aba00000) (1024K)]
  0x000002680369a320 JavaThread "Unconstrained build operations Thread 17"        [_thread_blocked, id=48968, stack(0x000000a6aba00000,0x000000a6abb00000) (1024K)]
  0x000002680369a9b0 JavaThread "Unconstrained build operations Thread 18"        [_thread_blocked, id=34036, stack(0x000000a6abb00000,0x000000a6abc00000) (1024K)]
  0x000002680369c3f0 JavaThread "Unconstrained build operations Thread 19"        [_thread_blocked, id=20580, stack(0x000000a6abc00000,0x000000a6abd00000) (1024K)]
  0x000002680369b6d0 JavaThread "Unconstrained build operations Thread 20"        [_thread_in_Java, id=49656, stack(0x000000a6abd00000,0x000000a6abe00000) (1024K)]
  0x0000026803698f70 JavaThread "Unconstrained build operations Thread 21"        [_thread_blocked, id=16964, stack(0x000000a6abe00000,0x000000a6abf00000) (1024K)]
  0x000002680369ca80 JavaThread "Unconstrained build operations Thread 22"        [_thread_blocked, id=2620, stack(0x000000a6abf00000,0x000000a6ac000000) (1024K)]
  0x0000026803699c90 JavaThread "Unconstrained build operations Thread 23"        [_thread_blocked, id=9596, stack(0x000000a6ac000000,0x000000a6ac100000) (1024K)]
  0x000002680369eb50 JavaThread "Unconstrained build operations Thread 24"        [_thread_blocked, id=7304, stack(0x000000a6ac100000,0x000000a6ac200000) (1024K)]
  0x000002680369f870 JavaThread "Unconstrained build operations Thread 25"        [_thread_blocked, id=50220, stack(0x000000a6ac200000,0x000000a6ac300000) (1024K)]
  0x000002680369f1e0 JavaThread "Unconstrained build operations Thread 26"        [_thread_blocked, id=41180, stack(0x000000a6ac300000,0x000000a6ac400000) (1024K)]
  0x000002680369d110 JavaThread "Unconstrained build operations Thread 27"        [_thread_blocked, id=18512, stack(0x000000a6ac400000,0x000000a6ac500000) (1024K)]
  0x000002680369ff00 JavaThread "Unconstrained build operations Thread 28"        [_thread_blocked, id=24352, stack(0x000000a6ac500000,0x000000a6ac600000) (1024K)]
  0x000002680369de30 JavaThread "Unconstrained build operations Thread 29"        [_thread_blocked, id=15384, stack(0x000000a6ac600000,0x000000a6ac700000) (1024K)]
  0x000002680369d7a0 JavaThread "Unconstrained build operations Thread 30"        [_thread_blocked, id=24212, stack(0x000000a6ac700000,0x000000a6ac800000) (1024K)]
  0x000002680369e4c0 JavaThread "Unconstrained build operations Thread 31"        [_thread_blocked, id=48148, stack(0x000000a6ac800000,0x000000a6ac900000) (1024K)]
  0x00000268036a0590 JavaThread "Unconstrained build operations Thread 32"        [_thread_blocked, id=38668, stack(0x000000a6ac900000,0x000000a6aca00000) (1024K)]
  0x000002680219e140 JavaThread "Unconstrained build operations Thread 33"        [_thread_blocked, id=50380, stack(0x000000a6aca00000,0x000000a6acb00000) (1024K)]
  0x000002680219f4f0 JavaThread "Memory manager"                    [_thread_blocked, id=42148, stack(0x000000a6ab400000,0x000000a6ab500000) (1024K)]
  0x00000268021a0f30 JavaThread "build event listener"              [_thread_blocked, id=47328, stack(0x000000a6acb00000,0x000000a6acc00000) (1024K)]
  0x0000026803cdb720 JavaThread "included builds"                   [_thread_blocked, id=43960, stack(0x000000a6acd00000,0x000000a6ace00000) (1024K)]
  0x00000268021a3690 JavaThread "Execution worker"                  [_thread_blocked, id=53812, stack(0x000000a6ace00000,0x000000a6acf00000) (1024K)]
  0x0000026802ab0140 JavaThread "Execution worker Thread 2"         [_thread_blocked, id=12344, stack(0x000000a6acf00000,0x000000a6ad000000) (1024K)]
  0x0000026801f3f740 JavaThread "Execution worker Thread 3"         [_thread_blocked, id=39496, stack(0x000000a6ad000000,0x000000a6ad100000) (1024K)]
  0x0000026801f3fdd0 JavaThread "Execution worker Thread 4"         [_thread_blocked, id=45184, stack(0x000000a6ad100000,0x000000a6ad200000) (1024K)]
  0x0000026801f3cfe0 JavaThread "Execution worker Thread 5"         [_thread_blocked, id=44320, stack(0x000000a6ad200000,0x000000a6ad300000) (1024K)]
  0x0000026801f3c950 JavaThread "Execution worker Thread 6"         [_thread_blocked, id=50844, stack(0x000000a6ad300000,0x000000a6ad400000) (1024K)]
  0x0000026801f40af0 JavaThread "Execution worker Thread 7"         [_thread_blocked, id=29396, stack(0x000000a6ad400000,0x000000a6ad500000) (1024K)]
  0x0000026801f40460 JavaThread "Execution worker Thread 8"         [_thread_blocked, id=35436, stack(0x000000a6ad500000,0x000000a6ad600000) (1024K)]
  0x0000026801f3d670 JavaThread "Execution worker Thread 9"         [_thread_blocked, id=30804, stack(0x000000a6ad600000,0x000000a6ad700000) (1024K)]
  0x0000026801f41180 JavaThread "Execution worker Thread 10"        [_thread_blocked, id=34416, stack(0x000000a6ad700000,0x000000a6ad800000) (1024K)]
  0x0000026801f3ea20 JavaThread "Execution worker Thread 11"        [_thread_in_Java, id=51104, stack(0x000000a6ad800000,0x000000a6ad900000) (1024K)]
  0x0000026801f3f0b0 JavaThread "Cache worker for execution history cache (C:\Users\DELL\dev\365plus\.gradle\8.14.3\executionHistory)"        [_thread_blocked, id=53308, stack(0x000000a6ad900000,0x000000a6ada00000) (1024K)]
  0x0000026801f41810 JavaThread "Unconstrained build operations Thread 34"        [_thread_blocked, id=21732, stack(0x000000a6ada00000,0x000000a6adb00000) (1024K)]
  0x0000026801f3e390 JavaThread "Unconstrained build operations Thread 35"        [_thread_blocked, id=16552, stack(0x000000a6adb00000,0x000000a6adc00000) (1024K)]
  0x0000026801f438e0 JavaThread "Unconstrained build operations Thread 36"        [_thread_blocked, id=52468, stack(0x000000a6adc00000,0x000000a6add00000) (1024K)]
  0x0000026801f42530 JavaThread "Unconstrained build operations Thread 37"        [_thread_blocked, id=44176, stack(0x000000a6add00000,0x000000a6ade00000) (1024K)]
  0x0000026801f41ea0 JavaThread "Unconstrained build operations Thread 38"        [_thread_blocked, id=38684, stack(0x000000a6ade00000,0x000000a6adf00000) (1024K)]
  0x0000026801f42bc0 JavaThread "Unconstrained build operations Thread 39"        [_thread_blocked, id=31504, stack(0x000000a6adf00000,0x000000a6ae000000) (1024K)]
  0x0000026801f43250 JavaThread "Unconstrained build operations Thread 40"        [_thread_blocked, id=37636, stack(0x000000a6ae000000,0x000000a6ae100000) (1024K)]
  0x0000026801f43f70 JavaThread "Unconstrained build operations Thread 41"        [_thread_blocked, id=31420, stack(0x000000a6ae100000,0x000000a6ae200000) (1024K)]
  0x0000026803fa2c00 JavaThread "Unconstrained build operations Thread 42"        [_thread_blocked, id=33256, stack(0x000000a6ae200000,0x000000a6ae300000) (1024K)]
  0x0000026803fa3290 JavaThread "Unconstrained build operations Thread 43"        [_thread_blocked, id=39112, stack(0x000000a6ae300000,0x000000a6ae400000) (1024K)]
  0x0000026803fa11c0 JavaThread "Unconstrained build operations Thread 44"        [_thread_blocked, id=52528, stack(0x000000a6ae400000,0x000000a6ae500000) (1024K)]
  0x0000026803fa59f0 JavaThread "Unconstrained build operations Thread 45"        [_thread_blocked, id=45712, stack(0x000000a6ae500000,0x000000a6ae600000) (1024K)]
  0x0000026803fa6080 JavaThread "Unconstrained build operations Thread 46"        [_thread_blocked, id=41720, stack(0x000000a6ae600000,0x000000a6ae700000) (1024K)]
  0x0000026803fa4cd0 JavaThread "Unconstrained build operations Thread 47"        [_thread_blocked, id=40480, stack(0x000000a6ae700000,0x000000a6ae800000) (1024K)]
  0x0000026803fa6710 JavaThread "Unconstrained build operations Thread 48"        [_thread_blocked, id=32068, stack(0x000000a6ae800000,0x000000a6ae900000) (1024K)]
  0x0000026803fa7430 JavaThread "Unconstrained build operations Thread 49"        [_thread_blocked, id=26592, stack(0x000000a6ae900000,0x000000a6aea00000) (1024K)]
  0x0000026803752310 JavaThread "Unconstrained build operations Thread 50"        [_thread_blocked, id=54912, stack(0x000000a6aea00000,0x000000a6aeb00000) (1024K)]
  0x00000268037564b0 JavaThread "Unconstrained build operations Thread 51"        [_thread_blocked, id=18288, stack(0x000000a6aeb00000,0x000000a6aec00000) (1024K)]
  0x0000026803755e20 JavaThread "Unconstrained build operations Thread 52"        [_thread_blocked, id=47640, stack(0x000000a6aec00000,0x000000a6aed00000) (1024K)]
  0x0000026803756b40 JavaThread "Unconstrained build operations Thread 53"        [_thread_blocked, id=7140, stack(0x000000a6aed00000,0x000000a6aee00000) (1024K)]
  0x0000026803754a70 JavaThread "Unconstrained build operations Thread 54"        [_thread_blocked, id=8692, stack(0x000000a6aee00000,0x000000a6aef00000) (1024K)]
  0x00000268056a0d10 JavaThread "Unconstrained build operations Thread 55"        [_thread_blocked, id=37860, stack(0x000000a6aef00000,0x000000a6af000000) (1024K)]
  0x00000268056a2750 JavaThread "Unconstrained build operations Thread 56"        [_thread_blocked, id=39584, stack(0x000000a6af000000,0x000000a6af100000) (1024K)]
  0x00000268056a20c0 JavaThread "Unconstrained build operations Thread 57"        [_thread_blocked, id=42512, stack(0x000000a6af100000,0x000000a6af200000) (1024K)]
  0x00000268056a13a0 JavaThread "Unconstrained build operations Thread 58"        [_thread_blocked, id=8708, stack(0x000000a6af200000,0x000000a6af300000) (1024K)]
  0x00000268056a1a30 JavaThread "Unconstrained build operations Thread 59"        [_thread_blocked, id=51828, stack(0x000000a6af300000,0x000000a6af400000) (1024K)]
  0x00000268056a2de0 JavaThread "Unconstrained build operations Thread 60"        [_thread_blocked, id=39248, stack(0x000000a6af400000,0x000000a6af500000) (1024K)]
  0x00000268056a3470 JavaThread "Unconstrained build operations Thread 61"        [_thread_blocked, id=39380, stack(0x000000a6af500000,0x000000a6af600000) (1024K)]
  0x00000268056a3b00 JavaThread "Unconstrained build operations Thread 62"        [_thread_blocked, id=32744, stack(0x000000a6af600000,0x000000a6af700000) (1024K)]
  0x00000268056a0680 JavaThread "Unconstrained build operations Thread 63"        [_thread_blocked, id=47836, stack(0x000000a6af700000,0x000000a6af800000) (1024K)]
  0x00000268056a5bd0 JavaThread "Unconstrained build operations Thread 64"        [_thread_blocked, id=50908, stack(0x000000a6af800000,0x000000a6af900000) (1024K)]
  0x00000268056a6f80 JavaThread "Unconstrained build operations Thread 65"        [_thread_blocked, id=54968, stack(0x000000a6af900000,0x000000a6afa00000) (1024K)]
  0x00000268056a6260 JavaThread "Unconstrained build operations Thread 66"        [_thread_blocked, id=22976, stack(0x000000a6afa00000,0x000000a6afb00000) (1024K)]
  0x00000268056a7610 JavaThread "Unconstrained build operations Thread 67"        [_thread_blocked, id=52096, stack(0x000000a6afb00000,0x000000a6afc00000) (1024K)]
  0x00000268056a68f0 JavaThread "Unconstrained build operations Thread 68"        [_thread_blocked, id=28012, stack(0x000000a6afc00000,0x000000a6afd00000) (1024K)]
  0x00000268056a5540 JavaThread "Unconstrained build operations Thread 69"        [_thread_blocked, id=3476, stack(0x000000a6afd00000,0x000000a6afe00000) (1024K)]
  0x00000268056a4190 JavaThread "Unconstrained build operations Thread 70"        [_thread_blocked, id=25788, stack(0x000000a6afe00000,0x000000a6aff00000) (1024K)]
  0x00000268056a7ca0 JavaThread "Unconstrained build operations Thread 71"        [_thread_blocked, id=50328, stack(0x000000a6aff00000,0x000000a6b0000000) (1024K)]
  0x00000268056a4820 JavaThread "Unconstrained build operations Thread 72"        [_thread_blocked, id=48100, stack(0x000000a6b0000000,0x000000a6b0100000) (1024K)]
  0x00000268056a4eb0 JavaThread "Unconstrained build operations Thread 73"        [_thread_blocked, id=37196, stack(0x000000a6b0100000,0x000000a6b0200000) (1024K)]
  0x0000026802c1e0b0 JavaThread "Unconstrained build operations Thread 74"        [_thread_blocked, id=41092, stack(0x000000a6b0200000,0x000000a6b0300000) (1024K)]
  0x0000026802c1d390 JavaThread "Unconstrained build operations Thread 75"        [_thread_blocked, id=32832, stack(0x000000a6b0300000,0x000000a6b0400000) (1024K)]
  0x0000026802c1f460 JavaThread "Unconstrained build operations Thread 76"        [_thread_blocked, id=3116, stack(0x000000a6b0400000,0x000000a6b0500000) (1024K)]
  0x0000026802c1faf0 JavaThread "Unconstrained build operations Thread 77"        [_thread_blocked, id=40880, stack(0x000000a6b0500000,0x000000a6b0600000) (1024K)]
  0x0000026802c20180 JavaThread "Unconstrained build operations Thread 78"        [_thread_blocked, id=54044, stack(0x000000a6b0600000,0x000000a6b0700000) (1024K)]
  0x0000026802c1e740 JavaThread "Unconstrained build operations Thread 79"        [_thread_blocked, id=42000, stack(0x000000a6b0700000,0x000000a6b0800000) (1024K)]
  0x0000026802c1cd00 JavaThread "Unconstrained build operations Thread 80"        [_thread_blocked, id=39444, stack(0x000000a6b0800000,0x000000a6b0900000) (1024K)]
  0x0000026802c20810 JavaThread "Unconstrained build operations Thread 81"        [_thread_blocked, id=33592, stack(0x000000a6b0900000,0x000000a6b0a00000) (1024K)]
  0x0000026802c1da20 JavaThread "Unconstrained build operations Thread 82"        [_thread_blocked, id=35064, stack(0x000000a6b0a00000,0x000000a6b0b00000) (1024K)]
  0x0000026802c21bc0 JavaThread "Unconstrained build operations Thread 83"        [_thread_blocked, id=45328, stack(0x000000a6b0b00000,0x000000a6b0c00000) (1024K)]
  0x0000026802c22250 JavaThread "Unconstrained build operations Thread 84"        [_thread_blocked, id=46356, stack(0x000000a6b0c00000,0x000000a6b0d00000) (1024K)]
  0x0000026802c1edd0 JavaThread "Unconstrained build operations Thread 85"        [_thread_blocked, id=45004, stack(0x000000a6b0d00000,0x000000a6b0e00000) (1024K)]
  0x0000026802c228e0 JavaThread "Unconstrained build operations Thread 86"        [_thread_blocked, id=46272, stack(0x000000a6b0e00000,0x000000a6b0f00000) (1024K)]
  0x0000026802c22f70 JavaThread "Unconstrained build operations Thread 87"        [_thread_blocked, id=12196, stack(0x000000a6b0f00000,0x000000a6b1000000) (1024K)]
  0x0000026802c23600 JavaThread "Unconstrained build operations Thread 88"        [_thread_blocked, id=23984, stack(0x000000a6b1000000,0x000000a6b1100000) (1024K)]
  0x0000026802c23c90 JavaThread "Unconstrained build operations Thread 89"        [_thread_blocked, id=51544, stack(0x000000a6b1100000,0x000000a6b1200000) (1024K)]
  0x0000026802c24320 JavaThread "Unconstrained build operations Thread 90"        [_thread_blocked, id=11608, stack(0x000000a6b1200000,0x000000a6b1300000) (1024K)]
  0x0000026802c20ea0 JavaThread "Unconstrained build operations Thread 91"        [_thread_blocked, id=49596, stack(0x000000a6b1300000,0x000000a6b1400000) (1024K)]
  0x0000026802c21530 JavaThread "Unconstrained build operations Thread 92"        [_thread_blocked, id=34492, stack(0x000000a6b1400000,0x000000a6b1500000) (1024K)]
  0x0000026803fa5360 JavaThread "Unconstrained build operations Thread 93"        [_thread_blocked, id=53148, stack(0x000000a6b1500000,0x000000a6b1600000) (1024K)]
  0x0000026803fa6da0 JavaThread "Unconstrained build operations Thread 94"        [_thread_blocked, id=31936, stack(0x000000a6b1600000,0x000000a6b1700000) (1024K)]
  0x0000026805006630 JavaThread "Unconstrained build operations Thread 95"        [_thread_blocked, id=31720, stack(0x000000a6b1700000,0x000000a6b1800000) (1024K)]
  0x0000026805007350 JavaThread "Unconstrained build operations Thread 96"        [_thread_blocked, id=34752, stack(0x000000a6b1800000,0x000000a6b1900000) (1024K)]
  0x0000026805005fa0 JavaThread "Unconstrained build operations Thread 97"        [_thread_blocked, id=31672, stack(0x000000a6b1900000,0x000000a6b1a00000) (1024K)]
  0x000002680500a140 JavaThread "Unconstrained build operations Thread 98"        [_thread_blocked, id=45548, stack(0x000000a6b1a00000,0x000000a6b1b00000) (1024K)]
  0x00000268050079e0 JavaThread "Unconstrained build operations Thread 99"        [_thread_blocked, id=32288, stack(0x000000a6b1b00000,0x000000a6b1c00000) (1024K)]
  0x0000026805008700 JavaThread "Unconstrained build operations Thread 100"        [_thread_blocked, id=46056, stack(0x000000a6b1c00000,0x000000a6b1d00000) (1024K)]
  0x0000026805008d90 JavaThread "Unconstrained build operations Thread 101"        [_thread_blocked, id=45444, stack(0x000000a6b1d00000,0x000000a6b1e00000) (1024K)]
  0x0000026805008070 JavaThread "Unconstrained build operations Thread 102"        [_thread_blocked, id=41992, stack(0x000000a6b1e00000,0x000000a6b1f00000) (1024K)]
  0x0000026805009420 JavaThread "Unconstrained build operations Thread 103"        [_thread_blocked, id=48448, stack(0x000000a6b1f00000,0x000000a6b2000000) (1024K)]
  0x0000026805006cc0 JavaThread "Unconstrained build operations Thread 104"        [_thread_blocked, id=39924, stack(0x000000a6b2000000,0x000000a6b2100000) (1024K)]
  0x000002680500ae60 JavaThread "Unconstrained build operations Thread 105"        [_thread_blocked, id=44112, stack(0x000000a6b2100000,0x000000a6b2200000) (1024K)]
  0x000002680500a7d0 JavaThread "Unconstrained build operations Thread 106"        [_thread_blocked, id=9204, stack(0x000000a6b2200000,0x000000a6b2300000) (1024K)]
  0x000002680500b4f0 JavaThread "Unconstrained build operations Thread 107"        [_thread_blocked, id=39368, stack(0x000000a6b2300000,0x000000a6b2400000) (1024K)]
  0x000002680500bb80 JavaThread "Unconstrained build operations Thread 108"        [_thread_blocked, id=29688, stack(0x000000a6b2400000,0x000000a6b2500000) (1024K)]
  0x000002680500f690 JavaThread "WorkerExecutor Queue"              [_thread_blocked, id=51140, stack(0x000000a6aa400000,0x000000a6aa500000) (1024K)]
  0x000002680500c8a0 JavaThread "Unconstrained build operations Thread 109"        [_thread_blocked, id=4548, stack(0x000000a6acc00000,0x000000a6acd00000) (1024K)]
  0x000002680500f000 JavaThread "Unconstrained build operations Thread 110"        [_thread_blocked, id=2336, stack(0x000000a6b2500000,0x000000a6b2600000) (1024K)]
  0x000002680500c210 JavaThread "Unconstrained build operations Thread 111"        [_thread_blocked, id=33152, stack(0x000000a6b2600000,0x000000a6b2700000) (1024K)]
  0x000002680500fd20 JavaThread "Unconstrained build operations Thread 112"        [_thread_blocked, id=31352, stack(0x000000a6b2700000,0x000000a6b2800000) (1024K)]
  0x000002680500cf30 JavaThread "Unconstrained build operations Thread 113"        [_thread_blocked, id=37508, stack(0x000000a6b2800000,0x000000a6b2900000) (1024K)]
  0x0000026805010a40 JavaThread "Unconstrained build operations Thread 114"        [_thread_blocked, id=44048, stack(0x000000a6b2900000,0x000000a6b2a00000) (1024K)]
  0x00000268050103b0 JavaThread "Unconstrained build operations Thread 115"        [_thread_blocked, id=15988, stack(0x000000a6b2a00000,0x000000a6b2b00000) (1024K)]
  0x000002680500d5c0 JavaThread "Unconstrained build operations Thread 116"        [_thread_blocked, id=21256, stack(0x000000a6b2b00000,0x000000a6b2c00000) (1024K)]
  0x00000268050110d0 JavaThread "Unconstrained build operations Thread 117"        [_thread_blocked, id=8556, stack(0x000000a6b2c00000,0x000000a6b2d00000) (1024K)]
  0x000002680500dc50 JavaThread "Unconstrained build operations Thread 118"        [_thread_blocked, id=49348, stack(0x000000a6b2d00000,0x000000a6b2e00000) (1024K)]
  0x000002680500e2e0 JavaThread "Unconstrained build operations Thread 119"        [_thread_blocked, id=24648, stack(0x000000a6b2e00000,0x000000a6b2f00000) (1024K)]
  0x0000026805011760 JavaThread "Unconstrained build operations Thread 120"        [_thread_blocked, id=47324, stack(0x000000a6b2f00000,0x000000a6b3000000) (1024K)]
  0x0000026804052ba0 JavaThread "C2 CompilerThread1"         daemon [_thread_in_native, id=46640, stack(0x000000a6b3000000,0x000000a6b3100000) (1024K)]
  0x0000026804bb7530 JavaThread "C2 CompilerThread2"         daemon [_thread_in_vm, id=9928, stack(0x000000a6b3100000,0x000000a6b3200000) (1024K)]
Total: 170

Other Threads:
  0x000002683945e4e0 VMThread "VM Thread"                           [id=46700, stack(0x000000a6a7d00000,0x000000a6a7e00000) (1024K)]
  0x000002683944bb30 WatcherThread "VM Periodic Task Thread"        [id=47708, stack(0x000000a6a7c00000,0x000000a6a7d00000) (1024K)]
  0x000002681b050cf0 WorkerThread "GC Thread#0"                     [id=16820, stack(0x000000a6a7700000,0x000000a6a7800000) (1024K)]
  0x000002683945e880 WorkerThread "GC Thread#1"                     [id=21800, stack(0x000000a6a8a00000,0x000000a6a8b00000) (1024K)]
  0x000002683945f700 WorkerThread "GC Thread#2"                     [id=26920, stack(0x000000a6a8b00000,0x000000a6a8c00000) (1024K)]
  0x000002683945ec20 WorkerThread "GC Thread#3"                     [id=47848, stack(0x000000a6a8c00000,0x000000a6a8d00000) (1024K)]
  0x000002683945e140 WorkerThread "GC Thread#4"                     [id=27040, stack(0x000000a6a8d00000,0x000000a6a8e00000) (1024K)]
  0x000002683945efc0 WorkerThread "GC Thread#5"                     [id=50664, stack(0x000000a6a8e00000,0x000000a6a8f00000) (1024K)]
  0x000002683945f360 WorkerThread "GC Thread#6"                     [id=44416, stack(0x000000a6a8f00000,0x000000a6a9000000) (1024K)]
  0x000002683945faa0 WorkerThread "GC Thread#7"                     [id=43696, stack(0x000000a6a9000000,0x000000a6a9100000) (1024K)]
  0x000002683984a6c0 WorkerThread "GC Thread#8"                     [id=26280, stack(0x000000a6a9100000,0x000000a6a9200000) (1024K)]
  0x0000026839849840 WorkerThread "GC Thread#9"                     [id=54048, stack(0x000000a6a9200000,0x000000a6a9300000) (1024K)]
  0x000002681b05dbe0 ConcurrentGCThread "G1 Main Marker"            [id=40568, stack(0x000000a6a7800000,0x000000a6a7900000) (1024K)]
  0x000002681b05f470 WorkerThread "G1 Conc#0"                       [id=34144, stack(0x000000a6a7900000,0x000000a6a7a00000) (1024K)]
  0x0000026839848280 WorkerThread "G1 Conc#1"                       [id=43116, stack(0x000000a6a9f00000,0x000000a6aa000000) (1024K)]
  0x000002683984b1a0 WorkerThread "G1 Conc#2"                       [id=4228, stack(0x000000a6aa000000,0x000000a6aa100000) (1024K)]
  0x000002683939cf70 ConcurrentGCThread "G1 Refine#0"               [id=26396, stack(0x000000a6a7a00000,0x000000a6a7b00000) (1024K)]
  0x000002683939d9f0 ConcurrentGCThread "G1 Service"                [id=8108, stack(0x000000a6a7b00000,0x000000a6a7c00000) (1024K)]
Total: 18

Threads with active compile tasks:
C2 CompilerThread0  42177 15302       4       java.lang.invoke.MethodHandleImpl::makePairwiseConvertByEditor (617 bytes)
C1 CompilerThread0  42178 15645   !   3       com.google.common.util.concurrent.InterruptibleTask::run (190 bytes)
C2 CompilerThread1  42178 15599       4       com.android.tools.r8.graph.e8::b (731 bytes)
C2 CompilerThread2  42178 15592       4       com.android.tools.r8.internal.ot::a (1067 bytes)
Total: 4

VM state: not at safepoint (normal execution)

VM Mutex/Monitor currently owned by a thread: None

Heap address: 0x0000000740000000, size: 3072 MB, Compressed Oops mode: Zero based, Oop shift amount: 3

CDS archive(s) mapped at: [0x000002683a000000-0x000002683ac80000-0x000002683ac80000), size 13107200, SharedBaseAddress: 0x000002683a000000, ArchiveRelocationMode: 1.
Compressed class space mapped at: 0x000002683b000000-0x000002687b000000, reserved size: 1073741824
Narrow klass base: 0x000002683a000000, Narrow klass shift: 0, Narrow klass range: 0x100000000

GC Precious Log:
 CardTable entry size: 512
 Card Set container configuration: InlinePtr #cards 4 size 8 Array Of Cards #cards 16 size 48 Howl #buckets 8 coarsen threshold 3686 Howl Bitmap #cards 512 size 80 coarsen threshold 460 Card regions per heap region 1 cards per card region 4096
 CPUs: 12 total, 12 available
 Memory: 32452M
 Large Page Support: Disabled
 NUMA Support: Disabled
 Compressed Oops: Enabled (Zero based)
 Heap Region Size: 2M
 Heap Min Capacity: 8M
 Heap Initial Capacity: 508M
 Heap Max Capacity: 3G
 Pre-touch: Disabled
 Parallel Workers: 10
 Concurrent Workers: 3
 Concurrent Refinement Workers: 10
 Periodic GC: Disabled

Heap:
 garbage-first heap   total 249856K, used 201713K [0x0000000740000000, 0x0000000800000000)
  region size 2048K, 27 young (55296K), 2 survivors (4096K)
 Metaspace       used 116561K, committed 119040K, reserved 1179648K
  class space    used 16242K, committed 17472K, reserved 1048576K

Heap Regions: E=young(eden), S=young(survivor), O=old, HS=humongous(starts), HC=humongous(continues), CS=collection set, F=free, TAMS=top-at-mark-start, PB=parsable bottom
|   0|0x0000000740000000, 0x0000000740200000, 0x0000000740200000|100%|HS|  |TAMS 0x0000000740000000| PB 0x0000000740000000| Complete 
|   1|0x0000000740200000, 0x0000000740400000, 0x0000000740400000|100%|HC|  |TAMS 0x0000000740200000| PB 0x0000000740200000| Complete 
|   2|0x0000000740400000, 0x0000000740600000, 0x0000000740600000|100%| O|  |TAMS 0x0000000740400000| PB 0x0000000740400000| Untracked 
|   3|0x0000000740600000, 0x0000000740800000, 0x0000000740800000|100%| O|  |TAMS 0x0000000740600000| PB 0x0000000740600000| Untracked 
|   4|0x0000000740800000, 0x0000000740a00000, 0x0000000740a00000|100%| O|  |TAMS 0x0000000740800000| PB 0x0000000740800000| Untracked 
|   5|0x0000000740a00000, 0x0000000740c00000, 0x0000000740c00000|100%| O|  |TAMS 0x0000000740a00000| PB 0x0000000740a00000| Untracked 
|   6|0x0000000740c00000, 0x0000000740e00000, 0x0000000740e00000|100%| O|  |TAMS 0x0000000740c00000| PB 0x0000000740c00000| Untracked 
|   7|0x0000000740e00000, 0x0000000741000000, 0x0000000741000000|100%| O|  |TAMS 0x0000000740e00000| PB 0x0000000740e00000| Untracked 
|   8|0x0000000741000000, 0x0000000741200000, 0x0000000741200000|100%| O|  |TAMS 0x0000000741000000| PB 0x0000000741000000| Untracked 
|   9|0x0000000741200000, 0x0000000741400000, 0x0000000741400000|100%| O|  |TAMS 0x0000000741200000| PB 0x0000000741200000| Untracked 
|  10|0x0000000741400000, 0x0000000741600000, 0x0000000741600000|100%| O|  |TAMS 0x0000000741400000| PB 0x0000000741400000| Untracked 
|  11|0x0000000741600000, 0x0000000741800000, 0x0000000741800000|100%| O|  |TAMS 0x0000000741600000| PB 0x0000000741600000| Untracked 
|  12|0x0000000741800000, 0x0000000741a00000, 0x0000000741a00000|100%| O|  |TAMS 0x0000000741800000| PB 0x0000000741800000| Untracked 
|  13|0x0000000741a00000, 0x0000000741c00000, 0x0000000741c00000|100%| O|  |TAMS 0x0000000741a00000| PB 0x0000000741a00000| Untracked 
|  14|0x0000000741c00000, 0x0000000741e00000, 0x0000000741e00000|100%| O|  |TAMS 0x0000000741c00000| PB 0x0000000741c00000| Untracked 
|  15|0x0000000741e00000, 0x0000000742000000, 0x0000000742000000|100%| O|  |TAMS 0x0000000741e00000| PB 0x0000000741e00000| Untracked 
|  16|0x0000000742000000, 0x0000000742200000, 0x0000000742200000|100%| O|  |TAMS 0x0000000742000000| PB 0x0000000742000000| Untracked 
|  17|0x0000000742200000, 0x0000000742400000, 0x0000000742400000|100%| O|  |TAMS 0x0000000742200000| PB 0x0000000742200000| Untracked 
|  18|0x0000000742400000, 0x0000000742600000, 0x0000000742600000|100%| O|  |TAMS 0x0000000742400000| PB 0x0000000742400000| Untracked 
|  19|0x0000000742600000, 0x0000000742800000, 0x0000000742800000|100%| O|  |TAMS 0x0000000742600000| PB 0x0000000742600000| Untracked 
|  20|0x0000000742800000, 0x0000000742a00000, 0x0000000742a00000|100%| O|  |TAMS 0x0000000742800000| PB 0x0000000742800000| Untracked 
|  21|0x0000000742a00000, 0x0000000742c00000, 0x0000000742c00000|100%| O|  |TAMS 0x0000000742a00000| PB 0x0000000742a00000| Untracked 
|  22|0x0000000742c00000, 0x0000000742e00000, 0x0000000742e00000|100%| O|  |TAMS 0x0000000742c00000| PB 0x0000000742c00000| Untracked 
|  23|0x0000000742e00000, 0x0000000743000000, 0x0000000743000000|100%| O|  |TAMS 0x0000000742e00000| PB 0x0000000742e00000| Untracked 
|  24|0x0000000743000000, 0x0000000743200000, 0x0000000743200000|100%| O|  |TAMS 0x0000000743000000| PB 0x0000000743000000| Untracked 
|  25|0x0000000743200000, 0x0000000743400000, 0x0000000743400000|100%|HS|  |TAMS 0x0000000743200000| PB 0x0000000743200000| Complete 
|  26|0x0000000743400000, 0x0000000743600000, 0x0000000743600000|100%|HS|  |TAMS 0x0000000743400000| PB 0x0000000743400000| Complete 
|  27|0x0000000743600000, 0x0000000743800000, 0x0000000743800000|100%| O|  |TAMS 0x0000000743600000| PB 0x0000000743600000| Untracked 
|  28|0x0000000743800000, 0x0000000743a00000, 0x0000000743a00000|100%| O|  |TAMS 0x0000000743800000| PB 0x0000000743800000| Untracked 
|  29|0x0000000743a00000, 0x0000000743c00000, 0x0000000743c00000|100%| O|  |TAMS 0x0000000743a00000| PB 0x0000000743a00000| Untracked 
|  30|0x0000000743c00000, 0x0000000743e00000, 0x0000000743e00000|100%| O|  |TAMS 0x0000000743c00000| PB 0x0000000743c00000| Untracked 
|  31|0x0000000743e00000, 0x0000000744000000, 0x0000000744000000|100%| O|  |TAMS 0x0000000743e00000| PB 0x0000000743e00000| Untracked 
|  32|0x0000000744000000, 0x0000000744200000, 0x0000000744200000|100%| O|  |TAMS 0x0000000744000000| PB 0x0000000744000000| Untracked 
|  33|0x0000000744200000, 0x0000000744400000, 0x0000000744400000|100%| O|  |TAMS 0x0000000744200000| PB 0x0000000744200000| Untracked 
|  34|0x0000000744400000, 0x0000000744600000, 0x0000000744600000|100%| O|  |TAMS 0x0000000744400000| PB 0x0000000744400000| Untracked 
|  35|0x0000000744600000, 0x0000000744800000, 0x0000000744800000|100%| O|  |TAMS 0x0000000744600000| PB 0x0000000744600000| Untracked 
|  36|0x0000000744800000, 0x0000000744a00000, 0x0000000744a00000|100%| O|  |TAMS 0x0000000744800000| PB 0x0000000744800000| Untracked 
|  37|0x0000000744a00000, 0x0000000744c00000, 0x0000000744c00000|100%| O|  |TAMS 0x0000000744a00000| PB 0x0000000744a00000| Untracked 
|  38|0x0000000744c00000, 0x0000000744e00000, 0x0000000744e00000|100%| O|  |TAMS 0x0000000744c00000| PB 0x0000000744c00000| Untracked 
|  39|0x0000000744e00000, 0x0000000745000000, 0x0000000745000000|100%| O|  |TAMS 0x0000000744e00000| PB 0x0000000744e00000| Untracked 
|  40|0x0000000745000000, 0x0000000745200000, 0x0000000745200000|100%| O|  |TAMS 0x0000000745000000| PB 0x0000000745000000| Untracked 
|  41|0x0000000745200000, 0x0000000745400000, 0x0000000745400000|100%| O|  |TAMS 0x0000000745200000| PB 0x0000000745200000| Untracked 
|  42|0x0000000745400000, 0x0000000745600000, 0x0000000745600000|100%| O|  |TAMS 0x0000000745400000| PB 0x0000000745400000| Untracked 
|  43|0x0000000745600000, 0x0000000745800000, 0x0000000745800000|100%| O|  |TAMS 0x0000000745600000| PB 0x0000000745600000| Untracked 
|  44|0x0000000745800000, 0x0000000745a00000, 0x0000000745a00000|100%| O|  |TAMS 0x0000000745800000| PB 0x0000000745800000| Untracked 
|  45|0x0000000745a00000, 0x0000000745c00000, 0x0000000745c00000|100%| O|Cm|TAMS 0x0000000745a00000| PB 0x0000000745a00000| Complete 
|  46|0x0000000745c00000, 0x0000000745e00000, 0x0000000745e00000|100%| O|  |TAMS 0x0000000745c00000| PB 0x0000000745c00000| Untracked 
|  47|0x0000000745e00000, 0x0000000746000000, 0x0000000746000000|100%| O|  |TAMS 0x0000000745e00000| PB 0x0000000745e00000| Untracked 
|  48|0x0000000746000000, 0x0000000746200000, 0x0000000746200000|100%| O|  |TAMS 0x0000000746000000| PB 0x0000000746000000| Untracked 
|  49|0x0000000746200000, 0x0000000746400000, 0x0000000746400000|100%| O|  |TAMS 0x0000000746200000| PB 0x0000000746200000| Untracked 
|  50|0x0000000746400000, 0x0000000746600000, 0x0000000746600000|100%| O|  |TAMS 0x0000000746400000| PB 0x0000000746400000| Untracked 
|  51|0x0000000746600000, 0x0000000746800000, 0x0000000746800000|100%| O|  |TAMS 0x0000000746600000| PB 0x0000000746600000| Untracked 
|  52|0x0000000746800000, 0x0000000746a00000, 0x0000000746a00000|100%| O|  |TAMS 0x0000000746800000| PB 0x0000000746800000| Untracked 
|  53|0x0000000746a00000, 0x0000000746c00000, 0x0000000746c00000|100%| O|  |TAMS 0x0000000746a00000| PB 0x0000000746a00000| Untracked 
|  54|0x0000000746c00000, 0x0000000746e00000, 0x0000000746e00000|100%| O|  |TAMS 0x0000000746c00000| PB 0x0000000746c00000| Untracked 
|  55|0x0000000746e00000, 0x0000000747000000, 0x0000000747000000|100%| O|  |TAMS 0x0000000746e00000| PB 0x0000000746e00000| Untracked 
|  56|0x0000000747000000, 0x0000000747200000, 0x0000000747200000|100%| O|  |TAMS 0x0000000747000000| PB 0x0000000747000000| Untracked 
|  57|0x0000000747200000, 0x0000000747400000, 0x0000000747400000|100%| O|  |TAMS 0x0000000747200000| PB 0x0000000747200000| Untracked 
|  58|0x0000000747400000, 0x0000000747600000, 0x0000000747600000|100%| O|  |TAMS 0x0000000747400000| PB 0x0000000747400000| Untracked 
|  59|0x0000000747600000, 0x0000000747800000, 0x0000000747800000|100%| O|  |TAMS 0x0000000747600000| PB 0x0000000747600000| Untracked 
|  60|0x0000000747800000, 0x0000000747a00000, 0x0000000747a00000|100%| O|  |TAMS 0x0000000747800000| PB 0x0000000747800000| Untracked 
|  61|0x0000000747a00000, 0x0000000747c00000, 0x0000000747c00000|100%| O|  |TAMS 0x0000000747a00000| PB 0x0000000747a00000| Untracked 
|  62|0x0000000747c00000, 0x0000000747e00000, 0x0000000747e00000|100%| O|  |TAMS 0x0000000747c00000| PB 0x0000000747c00000| Untracked 
|  63|0x0000000747e00000, 0x0000000748000000, 0x0000000748000000|100%| O|  |TAMS 0x0000000747e00000| PB 0x0000000747e00000| Untracked 
|  64|0x0000000748000000, 0x0000000748200000, 0x0000000748200000|100%| O|  |TAMS 0x0000000748000000| PB 0x0000000748000000| Untracked 
|  65|0x0000000748200000, 0x0000000748400000, 0x0000000748400000|100%| O|  |TAMS 0x0000000748200000| PB 0x0000000748200000| Untracked 
|  66|0x0000000748400000, 0x00000007485b4f68, 0x0000000748600000| 85%| O|  |TAMS 0x0000000748400000| PB 0x0000000748400000| Untracked 
|  67|0x0000000748600000, 0x0000000748800000, 0x0000000748800000|100%| O|  |TAMS 0x0000000748600000| PB 0x0000000748600000| Untracked 
|  68|0x0000000748800000, 0x0000000748a00000, 0x0000000748a00000|100%| O|  |TAMS 0x0000000748800000| PB 0x0000000748800000| Untracked 
|  69|0x0000000748a00000, 0x0000000748a00000, 0x0000000748c00000|  0%| F|  |TAMS 0x0000000748a00000| PB 0x0000000748a00000| Untracked 
|  70|0x0000000748c00000, 0x0000000748c00000, 0x0000000748e00000|  0%| F|  |TAMS 0x0000000748c00000| PB 0x0000000748c00000| Untracked 
|  71|0x0000000748e00000, 0x0000000748e00000, 0x0000000749000000|  0%| F|  |TAMS 0x0000000748e00000| PB 0x0000000748e00000| Untracked 
|  72|0x0000000749000000, 0x0000000749000000, 0x0000000749200000|  0%| F|  |TAMS 0x0000000749000000| PB 0x0000000749000000| Untracked 
|  73|0x0000000749200000, 0x0000000749200000, 0x0000000749400000|  0%| F|  |TAMS 0x0000000749200000| PB 0x0000000749200000| Untracked 
|  74|0x0000000749400000, 0x0000000749400000, 0x0000000749600000|  0%| F|  |TAMS 0x0000000749400000| PB 0x0000000749400000| Untracked 
|  75|0x0000000749600000, 0x0000000749600000, 0x0000000749800000|  0%| F|  |TAMS 0x0000000749600000| PB 0x0000000749600000| Untracked 
|  76|0x0000000749800000, 0x0000000749800000, 0x0000000749a00000|  0%| F|  |TAMS 0x0000000749800000| PB 0x0000000749800000| Untracked 
|  77|0x0000000749a00000, 0x0000000749a00000, 0x0000000749c00000|  0%| F|  |TAMS 0x0000000749a00000| PB 0x0000000749a00000| Untracked 
|  78|0x0000000749c00000, 0x0000000749c00000, 0x0000000749e00000|  0%| F|  |TAMS 0x0000000749c00000| PB 0x0000000749c00000| Untracked 
|  79|0x0000000749e00000, 0x0000000749e00000, 0x000000074a000000|  0%| F|  |TAMS 0x0000000749e00000| PB 0x0000000749e00000| Untracked 
|  80|0x000000074a000000, 0x000000074a000000, 0x000000074a200000|  0%| F|  |TAMS 0x000000074a000000| PB 0x000000074a000000| Untracked 
|  81|0x000000074a200000, 0x000000074a200000, 0x000000074a400000|  0%| F|  |TAMS 0x000000074a200000| PB 0x000000074a200000| Untracked 
|  82|0x000000074a400000, 0x000000074a400000, 0x000000074a600000|  0%| F|  |TAMS 0x000000074a400000| PB 0x000000074a400000| Untracked 
|  83|0x000000074a600000, 0x000000074a600000, 0x000000074a800000|  0%| F|  |TAMS 0x000000074a600000| PB 0x000000074a600000| Untracked 
|  84|0x000000074a800000, 0x000000074a800000, 0x000000074aa00000|  0%| F|  |TAMS 0x000000074a800000| PB 0x000000074a800000| Untracked 
|  85|0x000000074aa00000, 0x000000074aa00000, 0x000000074ac00000|  0%| F|  |TAMS 0x000000074aa00000| PB 0x000000074aa00000| Untracked 
|  86|0x000000074ac00000, 0x000000074ac00000, 0x000000074ae00000|  0%| F|  |TAMS 0x000000074ac00000| PB 0x000000074ac00000| Untracked 
|  87|0x000000074ae00000, 0x000000074ae00000, 0x000000074b000000|  0%| F|  |TAMS 0x000000074ae00000| PB 0x000000074ae00000| Untracked 
|  88|0x000000074b000000, 0x000000074b000000, 0x000000074b200000|  0%| F|  |TAMS 0x000000074b000000| PB 0x000000074b000000| Untracked 
|  89|0x000000074b200000, 0x000000074b200000, 0x000000074b400000|  0%| F|  |TAMS 0x000000074b200000| PB 0x000000074b200000| Untracked 
|  90|0x000000074b400000, 0x000000074b4221f8, 0x000000074b600000|  6%| E|  |TAMS 0x000000074b400000| PB 0x000000074b400000| Complete 
|  91|0x000000074b600000, 0x000000074b800000, 0x000000074b800000|100%| E|CS|TAMS 0x000000074b600000| PB 0x000000074b600000| Complete 
|  92|0x000000074b800000, 0x000000074ba00000, 0x000000074ba00000|100%| E|CS|TAMS 0x000000074b800000| PB 0x000000074b800000| Complete 
|  93|0x000000074ba00000, 0x000000074bc00000, 0x000000074bc00000|100%| E|CS|TAMS 0x000000074ba00000| PB 0x000000074ba00000| Complete 
|  94|0x000000074bc00000, 0x000000074be00000, 0x000000074be00000|100%| E|CS|TAMS 0x000000074bc00000| PB 0x000000074bc00000| Complete 
|  95|0x000000074be00000, 0x000000074c000000, 0x000000074c000000|100%| E|CS|TAMS 0x000000074be00000| PB 0x000000074be00000| Complete 
|  96|0x000000074c000000, 0x000000074c200000, 0x000000074c200000|100%| E|CS|TAMS 0x000000074c000000| PB 0x000000074c000000| Complete 
|  97|0x000000074c200000, 0x000000074c400000, 0x000000074c400000|100%| E|CS|TAMS 0x000000074c200000| PB 0x000000074c200000| Complete 
|  98|0x000000074c400000, 0x000000074c547590, 0x000000074c600000| 63%| S|CS|TAMS 0x000000074c400000| PB 0x000000074c400000| Complete 
|  99|0x000000074c600000, 0x000000074c800000, 0x000000074c800000|100%| S|CS|TAMS 0x000000074c600000| PB 0x000000074c600000| Complete 
| 100|0x000000074c800000, 0x000000074ca00000, 0x000000074ca00000|100%| E|CS|TAMS 0x000000074c800000| PB 0x000000074c800000| Complete 
| 101|0x000000074ca00000, 0x000000074cc00000, 0x000000074cc00000|100%| E|CS|TAMS 0x000000074ca00000| PB 0x000000074ca00000| Complete 
| 102|0x000000074cc00000, 0x000000074ce00000, 0x000000074ce00000|100%| E|CS|TAMS 0x000000074cc00000| PB 0x000000074cc00000| Complete 
| 103|0x000000074ce00000, 0x000000074d000000, 0x000000074d000000|100%| E|CS|TAMS 0x000000074ce00000| PB 0x000000074ce00000| Complete 
| 104|0x000000074d000000, 0x000000074d200000, 0x000000074d200000|100%| E|CS|TAMS 0x000000074d000000| PB 0x000000074d000000| Complete 
| 105|0x000000074d200000, 0x000000074d400000, 0x000000074d400000|100%| E|CS|TAMS 0x000000074d200000| PB 0x000000074d200000| Complete 
| 106|0x000000074d400000, 0x000000074d600000, 0x000000074d600000|100%| E|CS|TAMS 0x000000074d400000| PB 0x000000074d400000| Complete 
| 107|0x000000074d600000, 0x000000074d800000, 0x000000074d800000|100%| E|CS|TAMS 0x000000074d600000| PB 0x000000074d600000| Complete 
| 108|0x000000074d800000, 0x000000074da00000, 0x000000074da00000|100%| E|CS|TAMS 0x000000074d800000| PB 0x000000074d800000| Complete 
| 201|0x0000000759200000, 0x0000000759400000, 0x0000000759400000|100%| E|CS|TAMS 0x0000000759200000| PB 0x0000000759200000| Complete 
| 202|0x0000000759400000, 0x0000000759600000, 0x0000000759600000|100%| E|CS|TAMS 0x0000000759400000| PB 0x0000000759400000| Complete 
| 203|0x0000000759600000, 0x0000000759800000, 0x0000000759800000|100%| E|CS|TAMS 0x0000000759600000| PB 0x0000000759600000| Complete 
| 204|0x0000000759800000, 0x0000000759a00000, 0x0000000759a00000|100%| E|CS|TAMS 0x0000000759800000| PB 0x0000000759800000| Complete 
| 205|0x0000000759a00000, 0x0000000759c00000, 0x0000000759c00000|100%| E|CS|TAMS 0x0000000759a00000| PB 0x0000000759a00000| Complete 
| 206|0x0000000759c00000, 0x0000000759e00000, 0x0000000759e00000|100%| E|CS|TAMS 0x0000000759c00000| PB 0x0000000759c00000| Complete 
| 207|0x0000000759e00000, 0x000000075a000000, 0x000000075a000000|100%| E|CS|TAMS 0x0000000759e00000| PB 0x0000000759e00000| Complete 
| 252|0x000000075f800000, 0x000000075fa00000, 0x000000075fa00000|100%| E|CS|TAMS 0x000000075f800000| PB 0x000000075f800000| Complete 
| 253|0x000000075fa00000, 0x000000075fc00000, 0x000000075fc00000|100%| E|CS|TAMS 0x000000075fa00000| PB 0x000000075fa00000| Complete 
|1532|0x00000007ff800000, 0x00000007ffa00000, 0x00000007ffa00000|100%| O|Cm|TAMS 0x00000007ff800000| PB 0x00000007ff800000| Complete 
|1533|0x00000007ffa00000, 0x00000007ffc00000, 0x00000007ffc00000|100%| O|  |TAMS 0x00000007ffa00000| PB 0x00000007ffa00000| Untracked 
|1534|0x00000007ffc00000, 0x00000007ffe00000, 0x00000007ffe00000|100%| O|  |TAMS 0x00000007ffc00000| PB 0x00000007ffc00000| Untracked 
|1535|0x00000007ffe00000, 0x0000000800000000, 0x0000000800000000|100%| O|  |TAMS 0x00000007ffe00000| PB 0x00000007ffe00000| Untracked 

Card table byte_map: [0x0000026833210000,0x0000026833810000] _byte_map_base: 0x000002682f810000

Marking Bits: (CMBitMap*) 0x000002681b051300
 Bits: [0x0000026833810000, 0x0000026836810000)

Polling page: 0x0000026818dd0000

Metaspace:

Usage:
  Non-class:     97.97 MB used.
      Class:     15.86 MB used.
       Both:    113.83 MB used.

Virtual space:
  Non-class space:      128.00 MB reserved,      99.19 MB ( 77%) committed,  2 nodes.
      Class space:        1.00 GB reserved,      17.06 MB (  2%) committed,  1 nodes.
             Both:        1.12 GB reserved,     116.25 MB ( 10%) committed. 

Chunk freelists:
   Non-Class:  12.36 MB
       Class:  14.84 MB
        Both:  27.20 MB

MaxMetaspaceSize: unlimited
CompressedClassSpaceSize: 1.00 GB
Initial GC threshold: 21.00 MB
Current GC threshold: 188.56 MB
CDS: on
 - commit_granule_bytes: 65536.
 - commit_granule_words: 8192.
 - virtual_space_node_default_size: 8388608.
 - enlarge_chunks_in_place: 1.
 - use_allocation_guard: 0.


Internal statistics:

num_allocs_failed_limit: 6.
num_arena_births: 4434.
num_arena_deaths: 36.
num_vsnodes_births: 3.
num_vsnodes_deaths: 0.
num_space_committed: 1859.
num_space_uncommitted: 0.
num_chunks_returned_to_freelist: 62.
num_chunks_taken_from_freelist: 9879.
num_chunk_merges: 6.
num_chunk_splits: 6443.
num_chunks_enlarged: 4085.
num_inconsistent_stats: 0.

CodeHeap 'non-profiled nmethods': size=120000Kb used=7920Kb max_used=8619Kb free=112079Kb
 bounds [0x000002682b190000, 0x000002682ba10000, 0x00000268326c0000]
CodeHeap 'profiled nmethods': size=120000Kb used=24261Kb max_used=24532Kb free=95738Kb
 bounds [0x00000268236c0000, 0x0000026824ee0000, 0x000002682abf0000]
CodeHeap 'non-nmethods': size=5760Kb used=2209Kb max_used=2262Kb free=3550Kb
 bounds [0x000002682abf0000, 0x000002682ae60000, 0x000002682b190000]
 total_blobs=13740 nmethods=12832 adapters=811
 compilation: enabled
              stopped_count=0, restarted_count=0
 full_count=0

Compilation events (20 events):
Event: 41.102 Thread 0x0000026804bb7530 nmethod 15537% 0x000002682b362410 code [0x000002682b362640, 0x000002682b363388]
Event: 41.102 Thread 0x0000026804bb7530 15527       4       java.lang.Math::ceil (5 bytes)
Event: 41.104 Thread 0x00000268394a2470 nmethod 15581 0x0000026824b1e190 code [0x0000026824b1e740, 0x0000026824b213f0]
Event: 41.104 Thread 0x0000026804bb7530 nmethod 15527 0x000002682b52af90 code [0x000002682b52b160, 0x000002682b52b2a8]
Event: 41.104 Thread 0x0000026804bb7530 15577       4       com.android.tools.r8.internal.e61::b (50 bytes)
Event: 41.104 Thread 0x00000268394a2470 15580       3       com.android.tools.r8.graph.c9::<init> (46 bytes)
Event: 41.104 Thread 0x00000268394a2470 nmethod 15580 0x000002682407a490 code [0x000002682407a640, 0x000002682407a8e8]
Event: 41.104 Thread 0x00000268394a2470 15583       3       com.android.tools.r8.graph.h9::a (122 bytes)
Event: 41.107 Thread 0x0000026804bb7530 nmethod 15577 0x000002682b58ae90 code [0x000002682b58b040, 0x000002682b58b230]
Event: 41.107 Thread 0x0000026804bb7530 15585 %     4       com.android.tools.r8.internal.ot::<init> @ 225 (531 bytes)
Event: 41.108 Thread 0x0000026804bb7530 

Event: 41.108 Thread 0x00000268394a2470 nmethod 15583 0x000002682380d610 code [0x000002682380da60, 0x0000026823810140]
Event: 41.108 Thread 0x0000026804bb7530 15544       4       com.android.tools.r8.graph.g3$a::a (7 bytes)
Event: 41.110 Thread 0x00000268394a2470 15586       3       com.android.tools.r8.graph.r0::J (11 bytes)
Event: 41.110 Thread 0x00000268394a2470 nmethod 15586 0x0000026824715810 code [0x00000268247159c0, 0x0000026824715b70]
Event: 41.110 Thread 0x0000026804bb7530 nmethod 15544 0x000002682b58a910 code [0x000002682b58aaa0, 0x000002682b58ac00]
Event: 41.110 Thread 0x0000026804bb7530 15525       4       java.lang.String::toCharArray (25 bytes)
Event: 41.112 Thread 0x0000026804bb7530 nmethod 15525 0x000002682b54a110 code [0x000002682b54a2a0, 0x000002682b54a4e0]
Event: 41.112 Thread 0x0000026804bb7530 15588       4       com.android.tools.r8.graph.m9::a (175 bytes)
Event: 41.113 Thread 0x00000268394a2470 15590   !   3       com.android.tools.r8.graph.h9::a (881 bytes)

GC Heap History (20 events):
Event: 33.994 GC heap before
{Heap before GC invocations=45 (full 0):
 garbage-first heap   total 172032K, used 142064K [0x0000000740000000, 0x0000000800000000)
  region size 2048K, 22 young (45056K), 2 survivors (4096K)
 Metaspace       used 99212K, committed 101568K, reserved 1179648K
  class space    used 13928K, committed 15104K, reserved 1048576K
}
Event: 33.999 GC heap after
{Heap after GC invocations=46 (full 0):
 garbage-first heap   total 172032K, used 104018K [0x0000000740000000, 0x0000000800000000)
  region size 2048K, 2 young (4096K), 2 survivors (4096K)
 Metaspace       used 99212K, committed 101568K, reserved 1179648K
  class space    used 13928K, committed 15104K, reserved 1048576K
}
Event: 35.194 GC heap before
{Heap before GC invocations=46 (full 0):
 garbage-first heap   total 172032K, used 155218K [0x0000000740000000, 0x0000000800000000)
  region size 2048K, 27 young (55296K), 2 survivors (4096K)
 Metaspace       used 103862K, committed 106240K, reserved 1179648K
  class space    used 14561K, committed 15744K, reserved 1048576K
}
Event: 35.199 GC heap after
{Heap after GC invocations=47 (full 0):
 garbage-first heap   total 172032K, used 105715K [0x0000000740000000, 0x0000000800000000)
  region size 2048K, 3 young (6144K), 3 survivors (6144K)
 Metaspace       used 103862K, committed 106240K, reserved 1179648K
  class space    used 14561K, committed 15744K, reserved 1048576K
}
Event: 36.190 GC heap before
{Heap before GC invocations=47 (full 0):
 garbage-first heap   total 172032K, used 154867K [0x0000000740000000, 0x0000000800000000)
  region size 2048K, 27 young (55296K), 3 survivors (6144K)
 Metaspace       used 106199K, committed 108608K, reserved 1179648K
  class space    used 14852K, committed 16064K, reserved 1048576K
}
Event: 36.195 GC heap after
{Heap after GC invocations=48 (full 0):
 garbage-first heap   total 172032K, used 109692K [0x0000000740000000, 0x0000000800000000)
  region size 2048K, 4 young (8192K), 4 survivors (8192K)
 Metaspace       used 106199K, committed 108608K, reserved 1179648K
  class space    used 14852K, committed 16064K, reserved 1048576K
}
Event: 37.155 GC heap before
{Heap before GC invocations=49 (full 0):
 garbage-first heap   total 188416K, used 148604K [0x0000000740000000, 0x0000000800000000)
  region size 2048K, 23 young (47104K), 4 survivors (8192K)
 Metaspace       used 109154K, committed 111552K, reserved 1179648K
  class space    used 15374K, committed 16576K, reserved 1048576K
}
Event: 37.169 GC heap after
{Heap after GC invocations=50 (full 0):
 garbage-first heap   total 188416K, used 114250K [0x0000000740000000, 0x0000000800000000)
  region size 2048K, 3 young (6144K), 3 survivors (6144K)
 Metaspace       used 109154K, committed 111552K, reserved 1179648K
  class space    used 15374K, committed 16576K, reserved 1048576K
}
Event: 38.034 GC heap before
{Heap before GC invocations=50 (full 0):
 garbage-first heap   total 188416K, used 165450K [0x0000000740000000, 0x0000000800000000)
  region size 2048K, 29 young (59392K), 3 survivors (6144K)
 Metaspace       used 109517K, committed 112000K, reserved 1179648K
  class space    used 15397K, committed 16640K, reserved 1048576K
}
Event: 38.042 GC heap after
{Heap after GC invocations=51 (full 0):
 garbage-first heap   total 188416K, used 117671K [0x0000000740000000, 0x0000000800000000)
  region size 2048K, 3 young (6144K), 3 survivors (6144K)
 Metaspace       used 109517K, committed 112000K, reserved 1179648K
  class space    used 15397K, committed 16640K, reserved 1048576K
}
Event: 38.972 GC heap before
{Heap before GC invocations=51 (full 0):
 garbage-first heap   total 188416K, used 166823K [0x0000000740000000, 0x0000000800000000)
  region size 2048K, 28 young (57344K), 3 survivors (6144K)
 Metaspace       used 111968K, committed 114432K, reserved 1179648K
  class space    used 15599K, committed 16832K, reserved 1048576K
}
Event: 38.978 GC heap after
{Heap after GC invocations=52 (full 0):
 garbage-first heap   total 188416K, used 122074K [0x0000000740000000, 0x0000000800000000)
  region size 2048K, 3 young (6144K), 3 survivors (6144K)
 Metaspace       used 111968K, committed 114432K, reserved 1179648K
  class space    used 15599K, committed 16832K, reserved 1048576K
}
Event: 39.493 GC heap before
{Heap before GC invocations=53 (full 0):
 garbage-first heap   total 204800K, used 169178K [0x0000000740000000, 0x0000000800000000)
  region size 2048K, 27 young (55296K), 3 survivors (6144K)
 Metaspace       used 112538K, committed 114944K, reserved 1179648K
  class space    used 15689K, committed 16896K, reserved 1048576K
}
Event: 39.500 GC heap after
{Heap after GC invocations=54 (full 0):
 garbage-first heap   total 204800K, used 128471K [0x0000000740000000, 0x0000000800000000)
  region size 2048K, 4 young (8192K), 4 survivors (8192K)
 Metaspace       used 112538K, committed 114944K, reserved 1179648K
  class space    used 15689K, committed 16896K, reserved 1048576K
}
Event: 39.679 GC heap before
{Heap before GC invocations=54 (full 0):
 garbage-first heap   total 204800K, used 181719K [0x0000000740000000, 0x0000000800000000)
  region size 2048K, 31 young (63488K), 4 survivors (8192K)
 Metaspace       used 112545K, committed 114944K, reserved 1179648K
  class space    used 15689K, committed 16896K, reserved 1048576K
}
Event: 39.685 GC heap after
{Heap after GC invocations=55 (full 0):
 garbage-first heap   total 208896K, used 139609K [0x0000000740000000, 0x0000000800000000)
  region size 2048K, 4 young (8192K), 4 survivors (8192K)
 Metaspace       used 112545K, committed 114944K, reserved 1179648K
  class space    used 15689K, committed 16896K, reserved 1048576K
}
Event: 39.950 GC heap before
{Heap before GC invocations=55 (full 0):
 garbage-first heap   total 208896K, used 184665K [0x0000000740000000, 0x0000000800000000)
  region size 2048K, 27 young (55296K), 4 survivors (8192K)
 Metaspace       used 113136K, committed 115520K, reserved 1179648K
  class space    used 15753K, committed 16960K, reserved 1048576K
}
Event: 39.954 GC heap after
{Heap after GC invocations=56 (full 0):
 garbage-first heap   total 208896K, used 148956K [0x0000000740000000, 0x0000000800000000)
  region size 2048K, 4 young (8192K), 4 survivors (8192K)
 Metaspace       used 113136K, committed 115520K, reserved 1179648K
  class space    used 15753K, committed 16960K, reserved 1048576K
}
Event: 40.855 GC heap before
{Heap before GC invocations=57 (full 0):
 garbage-first heap   total 249856K, used 183772K [0x0000000740000000, 0x0000000800000000)
  region size 2048K, 22 young (45056K), 4 survivors (8192K)
 Metaspace       used 116135K, committed 118656K, reserved 1179648K
  class space    used 16213K, committed 17472K, reserved 1048576K
}
Event: 40.860 GC heap after
{Heap after GC invocations=58 (full 0):
 garbage-first heap   total 249856K, used 152561K [0x0000000740000000, 0x0000000800000000)
  region size 2048K, 2 young (4096K), 2 survivors (4096K)
 Metaspace       used 116135K, committed 118656K, reserved 1179648K
  class space    used 16213K, committed 17472K, reserved 1048576K
}

Dll operation events (15 events):
Event: 0.016 Loaded shared library C:\Program Files\Eclipse Adoptium\jdk-21.0.6.7-hotspot\bin\java.dll
Event: 0.051 Loaded shared library C:\Program Files\Eclipse Adoptium\jdk-21.0.6.7-hotspot\bin\jsvml.dll
Event: 0.116 Loaded shared library C:\Program Files\Eclipse Adoptium\jdk-21.0.6.7-hotspot\bin\zip.dll
Event: 0.122 Loaded shared library C:\Program Files\Eclipse Adoptium\jdk-21.0.6.7-hotspot\bin\instrument.dll
Event: 0.127 Loaded shared library C:\Program Files\Eclipse Adoptium\jdk-21.0.6.7-hotspot\bin\net.dll
Event: 0.130 Loaded shared library C:\Program Files\Eclipse Adoptium\jdk-21.0.6.7-hotspot\bin\nio.dll
Event: 0.134 Loaded shared library C:\Program Files\Eclipse Adoptium\jdk-21.0.6.7-hotspot\bin\zip.dll
Event: 0.584 Loaded shared library C:\Program Files\Eclipse Adoptium\jdk-21.0.6.7-hotspot\bin\jimage.dll
Event: 0.910 Loaded shared library C:\Program Files\Eclipse Adoptium\jdk-21.0.6.7-hotspot\bin\verify.dll
Event: 1.079 Loaded shared library C:\Users\DELL\.gradle\native\1def1411415f61bf3af743bc5b6707747c0891f09f0c88961ee8f79bc544acac\windows-amd64\native-platform.dll
Event: 1.104 Loaded shared library C:\Users\DELL\.gradle\native\0.2.7\x86_64-windows-gnu\gradle-fileevents.dll
Event: 2.744 Loaded shared library C:\Program Files\Eclipse Adoptium\jdk-21.0.6.7-hotspot\bin\management.dll
Event: 2.749 Loaded shared library C:\Program Files\Eclipse Adoptium\jdk-21.0.6.7-hotspot\bin\management_ext.dll
Event: 3.050 Loaded shared library C:\Program Files\Eclipse Adoptium\jdk-21.0.6.7-hotspot\bin\extnet.dll
Event: 3.377 Loaded shared library C:\Program Files\Eclipse Adoptium\jdk-21.0.6.7-hotspot\bin\sunmscapi.dll

Deoptimization events (20 events):
Event: 40.732 Thread 0x0000026803cdf230 Uncommon trap: reason=unstable_if action=reinterpret pc=0x000002682b36c7b4 method=java.util.WeakHashMap.remove(Ljava/lang/Object;)Ljava/lang/Object; @ 92 c2
Event: 40.732 Thread 0x0000026803cdf230 DEOPT PACKING pc=0x000002682b36c7b4 sp=0x000000a6ab2f9170
Event: 40.732 Thread 0x0000026803cdf230 DEOPT UNPACKING pc=0x000002682ac446a2 sp=0x000000a6ab2f9048 mode 2
Event: 40.823 Thread 0x0000026803cdf230 Uncommon trap: trap_request=0xffffff45 fr.pc=0x000002682b78ee38 relative=0x0000000000000098
Event: 40.823 Thread 0x0000026803cdf230 Uncommon trap: reason=unstable_if action=reinterpret pc=0x000002682b78ee38 method=com.android.tools.r8.internal.w41.a(I)Z @ 45 c2
Event: 40.823 Thread 0x0000026803cdf230 DEOPT PACKING pc=0x000002682b78ee38 sp=0x000000a6ab2f9f40
Event: 40.823 Thread 0x0000026803cdf230 DEOPT UNPACKING pc=0x000002682ac446a2 sp=0x000000a6ab2f9ed0 mode 2
Event: 40.882 Thread 0x0000026803cdf230 DEOPT PACKING pc=0x0000026823f6e731 sp=0x000000a6ab2f9b60
Event: 40.882 Thread 0x0000026803cdf230 DEOPT UNPACKING pc=0x000002682ac44e42 sp=0x000000a6ab2f9068 mode 0
Event: 40.891 Thread 0x0000026803cdf230 DEOPT PACKING pc=0x0000026823f6e731 sp=0x000000a6ab2f99b0
Event: 40.891 Thread 0x0000026803cdf230 DEOPT UNPACKING pc=0x000002682ac44e42 sp=0x000000a6ab2f8eb8 mode 0
Event: 40.896 Thread 0x000002680369b6d0 DEOPT PACKING pc=0x0000026823f6e731 sp=0x000000a6abdf9d00
Event: 40.896 Thread 0x000002680369b6d0 DEOPT UNPACKING pc=0x000002682ac44e42 sp=0x000000a6abdf9208 mode 0
Event: 40.904 Thread 0x000002680369b6d0 DEOPT PACKING pc=0x0000026823f6e731 sp=0x000000a6abdf9b40
Event: 40.904 Thread 0x000002680369b6d0 DEOPT UNPACKING pc=0x000002682ac44e42 sp=0x000000a6abdf9048 mode 0
Event: 40.994 Thread 0x0000026801f3ea20 Uncommon trap: trap_request=0xffffff45 fr.pc=0x000002682b2a7534 relative=0x00000000000007d4
Event: 40.994 Thread 0x0000026801f3ea20 Uncommon trap: reason=unstable_if action=reinterpret pc=0x000002682b2a7534 method=com.android.tools.r8.graph.e8.e()V @ 132 c2
Event: 40.994 Thread 0x0000026801f3ea20 DEOPT PACKING pc=0x000002682b2a7534 sp=0x000000a6ad8f65a0
Event: 40.994 Thread 0x0000026801f3ea20 DEOPT UNPACKING pc=0x000002682ac446a2 sp=0x000000a6ad8f6578 mode 2
Event: 41.166 Thread 0x000002680369b6d0 Uncommon trap: trap_request=0xffffff45 fr.pc=0x000002682b789468 relative=0x0000000000001048

Classes loaded (20 events):
Event: 38.803 Loading class com/sun/org/apache/xerces/internal/dom/CharacterDataImpl done
Event: 38.803 Loading class com/sun/org/apache/xerces/internal/dom/TextImpl done
Event: 38.803 Loading class com/sun/org/apache/xerces/internal/dom/CharacterDataImpl$1
Event: 38.804 Loading class com/sun/org/apache/xerces/internal/dom/CharacterDataImpl$1 done
Event: 39.172 Loading class java/util/concurrent/locks/ReentrantReadWriteLock$Sync$HoldCounter
Event: 39.172 Loading class java/util/concurrent/locks/ReentrantReadWriteLock$Sync$HoldCounter done
Event: 39.269 Loading class sun/nio/fs/Globs
Event: 39.270 Loading class sun/nio/fs/Globs done
Event: 39.270 Loading class java/util/regex/Pattern$SliceU
Event: 39.270 Loading class java/util/regex/Pattern$SliceU done
Event: 39.270 Loading class sun/nio/fs/WindowsFileSystem$2
Event: 39.270 Loading class sun/nio/fs/WindowsFileSystem$2 done
Event: 39.278 Loading class java/util/zip/ZipFile$ZipEntryIterator
Event: 39.278 Loading class java/util/zip/ZipFile$ZipEntryIterator done
Event: 39.424 Loading class java/util/zip/ZipInputStream
Event: 39.424 Loading class java/util/zip/ZipInputStream done
Event: 39.967 Loading class java/io/UTFDataFormatException
Event: 39.967 Loading class java/io/UTFDataFormatException done
Event: 40.271 Loading class java/util/concurrent/RejectedExecutionException
Event: 40.271 Loading class java/util/concurrent/RejectedExecutionException done

Classes unloaded (18 events):
Event: 39.068 Thread 0x000002683945e4e0 Unloading class 0x000002683c00a400 'java/lang/invoke/LambdaForm$MH+0x000002683c00a400'
Event: 39.068 Thread 0x000002683945e4e0 Unloading class 0x000002683c009800 'java/lang/invoke/LambdaForm$MH+0x000002683c009800'
Event: 39.068 Thread 0x000002683945e4e0 Unloading class 0x000002683c009000 'java/lang/invoke/LambdaForm$MH+0x000002683c009000'
Event: 39.068 Thread 0x000002683945e4e0 Unloading class 0x000002683c008800 'java/lang/invoke/LambdaForm$MH+0x000002683c008800'
Event: 39.068 Thread 0x000002683945e4e0 Unloading class 0x000002683c008400 'java/lang/invoke/LambdaForm$MH+0x000002683c008400'
Event: 39.068 Thread 0x000002683945e4e0 Unloading class 0x000002683c007800 'java/lang/invoke/LambdaForm$MH+0x000002683c007800'
Event: 39.068 Thread 0x000002683945e4e0 Unloading class 0x000002683c007000 'java/lang/invoke/LambdaForm$MH+0x000002683c007000'
Event: 39.068 Thread 0x000002683945e4e0 Unloading class 0x000002683c006800 'java/lang/invoke/LambdaForm$MH+0x000002683c006800'
Event: 39.068 Thread 0x000002683945e4e0 Unloading class 0x000002683c006000 'java/lang/invoke/LambdaForm$MH+0x000002683c006000'
Event: 39.068 Thread 0x000002683945e4e0 Unloading class 0x000002683c005800 'java/lang/invoke/LambdaForm$MH+0x000002683c005800'
Event: 39.068 Thread 0x000002683945e4e0 Unloading class 0x000002683c005000 'java/lang/invoke/LambdaForm$MH+0x000002683c005000'
Event: 39.068 Thread 0x000002683945e4e0 Unloading class 0x000002683c004800 'java/lang/invoke/LambdaForm$MH+0x000002683c004800'
Event: 39.068 Thread 0x000002683945e4e0 Unloading class 0x000002683c004000 'java/lang/invoke/LambdaForm$MH+0x000002683c004000'
Event: 39.068 Thread 0x000002683945e4e0 Unloading class 0x000002683c003c00 'java/lang/invoke/LambdaForm$MH+0x000002683c003c00'
Event: 39.068 Thread 0x000002683945e4e0 Unloading class 0x000002683c003000 'java/lang/invoke/LambdaForm$MH+0x000002683c003000'
Event: 39.068 Thread 0x000002683945e4e0 Unloading class 0x000002683c002800 'java/lang/invoke/LambdaForm$MH+0x000002683c002800'
Event: 39.068 Thread 0x000002683945e4e0 Unloading class 0x000002683c002400 'java/lang/invoke/LambdaForm$MH+0x000002683c002400'
Event: 39.068 Thread 0x000002683945e4e0 Unloading class 0x000002683c001800 'java/lang/invoke/LambdaForm$MH+0x000002683c001800'

Classes redefined (0 events):
No events

Internal exceptions (20 events):
Event: 37.375 Thread 0x0000026801f3c950 Exception <a 'sun/nio/fs/WindowsException'{0x0000000759b3c618}> (0x0000000759b3c618) 
thrown [s\src\hotspot\share\prims\jni.cpp, line 520]
Event: 37.376 Thread 0x0000026801f3c950 Exception <a 'sun/nio/fs/WindowsException'{0x0000000759b3e358}> (0x0000000759b3e358) 
thrown [s\src\hotspot\share\prims\jni.cpp, line 520]
Event: 37.378 Thread 0x0000026801f3c950 Exception <a 'sun/nio/fs/WindowsException'{0x0000000759b3feb8}> (0x0000000759b3feb8) 
thrown [s\src\hotspot\share\prims\jni.cpp, line 520]
Event: 37.402 Thread 0x0000026801f3c950 Exception <a 'sun/nio/fs/WindowsException'{0x00000007599143b0}> (0x00000007599143b0) 
thrown [s\src\hotspot\share\prims\jni.cpp, line 520]
Event: 37.427 Thread 0x0000026801f3c950 Exception <a 'sun/nio/fs/WindowsException'{0x000000075991ec68}> (0x000000075991ec68) 
thrown [s\src\hotspot\share\prims\jni.cpp, line 520]
Event: 37.731 Thread 0x0000026801f3d670 Exception <a 'sun/nio/fs/WindowsException'{0x00000007493c1b00}> (0x00000007493c1b00) 
thrown [s\src\hotspot\share\prims\jni.cpp, line 520]
Event: 37.732 Thread 0x0000026801f3d670 Exception <a 'sun/nio/fs/WindowsException'{0x00000007493c3b28}> (0x00000007493c3b28) 
thrown [s\src\hotspot\share\prims\jni.cpp, line 520]
Event: 37.795 Thread 0x00000268056a5540 Implicit null exception at 0x000002682b97cfea to 0x000002682b97d094
Event: 38.236 Thread 0x0000026802ab0140 Implicit null exception at 0x000002682b5c7dbd to 0x000002682b5c7e31
Event: 38.451 Thread 0x0000026802ab0140 Exception <a 'sun/nio/fs/WindowsException'{0x0000000749c6e730}> (0x0000000749c6e730) 
thrown [s\src\hotspot\share\prims\jni.cpp, line 520]
Event: 38.787 Thread 0x0000026801f3ea20 Exception <a 'sun/nio/fs/WindowsException'{0x0000000748e214e8}> (0x0000000748e214e8) 
thrown [s\src\hotspot\share\prims\jni.cpp, line 520]
Event: 39.166 Thread 0x0000026803cde510 Implicit null exception at 0x000002682b8b2b5d to 0x000002682b8b3450
Event: 39.166 Thread 0x000002680369b040 Implicit null exception at 0x000002682b8b2b5d to 0x000002682b8b3450
Event: 39.279 Thread 0x0000026803cdf230 Implicit null exception at 0x000002682b3f3c6f to 0x000002682b3f47e0
Event: 40.590 Thread 0x0000026803cdf230 Exception <a 'java/lang/NoSuchMethodError'{0x000000074d3050a8}: 'java.lang.Object java.lang.invoke.DirectMethodHandle$Holder.invokeStaticInit(java.lang.Object, java.lang.Object, java.lang.Object, java.lang.Object, java.lang.Object, java.lang.Object, java.lang.Object, java.lang.Object, java.lang.Object, java.lang.Object, java.lang.Object, java.lang.Object, java.lang.Object, java.lang.Object, java.lang.Object, java.lang.Object, java.lang.Object, java.lang.Object, java.lang.Object, java.lang.Object, int, java
Event: 40.592 Thread 0x0000026803cdf230 Exception <a 'java/lang/IncompatibleClassChangeError'{0x000000074d31b9f0}: Found class java.lang.Object, but interface was expected> (0x000000074d31b9f0) 
thrown [s\src\hotspot\share\interpreter\linkResolver.cpp, line 840]
Event: 40.593 Thread 0x0000026803cdf230 Exception <a 'java/lang/IncompatibleClassChangeError'{0x000000074d325ee0}: Found class java.lang.Object, but interface was expected> (0x000000074d325ee0) 
thrown [s\src\hotspot\share\interpreter\linkResolver.cpp, line 840]
Event: 40.668 Thread 0x0000026803cdf230 Exception <a 'java/lang/IncompatibleClassChangeError'{0x000000074d02c3a0}: Found class java.lang.Object, but interface was expected> (0x000000074d02c3a0) 
thrown [s\src\hotspot\share\interpreter\linkResolver.cpp, line 840]
Event: 40.668 Thread 0x000002680369b6d0 Exception <a 'java/lang/IncompatibleClassChangeError'{0x000000074d3ff058}: Found class java.lang.Object, but interface was expected> (0x000000074d3ff058) 
thrown [s\src\hotspot\share\interpreter\linkResolver.cpp, line 840]
Event: 40.668 Thread 0x0000026801f3ea20 Exception <a 'java/lang/IncompatibleClassChangeError'{0x000000074d18ed78}: Found class java.lang.Object, but interface was expected> (0x000000074d18ed78) 
thrown [s\src\hotspot\share\interpreter\linkResolver.cpp, line 840]

ZGC Phase Switch (0 events):
No events

VM Operations (20 events):
Event: 39.500 Executing VM operation: G1CollectForAllocation (G1 Evacuation Pause) done
Event: 39.679 Executing VM operation: G1CollectForAllocation (G1 Evacuation Pause)
Event: 39.685 Executing VM operation: G1CollectForAllocation (G1 Evacuation Pause) done
Event: 39.861 Executing VM operation: HandshakeAllThreads (Deoptimize)
Event: 39.864 Executing VM operation: HandshakeAllThreads (Deoptimize) done
Event: 39.950 Executing VM operation: G1CollectForAllocation (G1 Evacuation Pause)
Event: 39.954 Executing VM operation: G1CollectForAllocation (G1 Evacuation Pause) done
Event: 40.037 Executing VM operation: HandshakeAllThreads (Deoptimize)
Event: 40.038 Executing VM operation: HandshakeAllThreads (Deoptimize) done
Event: 40.054 Executing VM operation: G1PauseRemark
Event: 40.063 Executing VM operation: G1PauseRemark done
Event: 40.116 Executing VM operation: G1PauseCleanup
Event: 40.116 Executing VM operation: G1PauseCleanup done
Event: 40.374 Executing VM operation: HandshakeAllThreads (Deoptimize)
Event: 40.374 Executing VM operation: HandshakeAllThreads (Deoptimize) done
Event: 40.607 Executing VM operation: HandshakeAllThreads (Deoptimize)
Event: 40.608 Executing VM operation: HandshakeAllThreads (Deoptimize) done
Event: 40.855 Executing VM operation: G1CollectForAllocation (G1 Evacuation Pause)
Event: 40.860 Executing VM operation: G1CollectForAllocation (G1 Evacuation Pause) done
Event: 41.861 Executing VM operation: Cleanup

Memory protections (0 events):
No events

Nmethod flushes (20 events):
Event: 40.062 Thread 0x000002683945e4e0 flushing  nmethod 0x0000026823851490
Event: 40.062 Thread 0x000002683945e4e0 flushing  nmethod 0x00000268238dea90
Event: 40.062 Thread 0x000002683945e4e0 flushing  nmethod 0x0000026824071f10
Event: 40.062 Thread 0x000002683945e4e0 flushing  nmethod 0x0000026824082e10
Event: 40.062 Thread 0x000002683945e4e0 flushing  nmethod 0x0000026824218710
Event: 40.062 Thread 0x000002683945e4e0 flushing  nmethod 0x000002682421ae10
Event: 40.062 Thread 0x000002683945e4e0 flushing  nmethod 0x000002682421d390
Event: 40.062 Thread 0x000002683945e4e0 flushing  nmethod 0x0000026824241110
Event: 40.062 Thread 0x000002683945e4e0 flushing  nmethod 0x000002682427ee90
Event: 40.062 Thread 0x000002683945e4e0 flushing  nmethod 0x0000026824280310
Event: 40.062 Thread 0x000002683945e4e0 flushing  nmethod 0x0000026824283510
Event: 40.062 Thread 0x000002683945e4e0 flushing  nmethod 0x00000268242b8b10
Event: 40.062 Thread 0x000002683945e4e0 flushing  nmethod 0x0000026824310b90
Event: 40.062 Thread 0x000002683945e4e0 flushing  nmethod 0x000002682433da10
Event: 40.062 Thread 0x000002683945e4e0 flushing  nmethod 0x0000026824344690
Event: 40.062 Thread 0x000002683945e4e0 flushing  nmethod 0x000002682435ba90
Event: 40.062 Thread 0x000002683945e4e0 flushing  nmethod 0x000002682453bc10
Event: 40.062 Thread 0x000002683945e4e0 flushing  nmethod 0x000002682470c290
Event: 40.062 Thread 0x000002683945e4e0 flushing  nmethod 0x0000026824714d10
Event: 40.062 Thread 0x000002683945e4e0 flushing  nmethod 0x00000268249de910

Events (20 events):
Event: 38.456 Thread 0x0000026804bb7530 Thread exited: 0x0000026804bb7530
Event: 38.751 Thread 0x0000026802ab0140 Thread added: 0x000002680500f690
Event: 38.800 Thread 0x0000026801f3ea20 Thread added: 0x000002680500c8a0
Event: 38.801 Thread 0x0000026801f3ea20 Thread added: 0x000002680500f000
Event: 38.801 Thread 0x0000026801f3ea20 Thread added: 0x000002680500c210
Event: 38.802 Thread 0x0000026801f3ea20 Thread added: 0x000002680500fd20
Event: 38.802 Thread 0x0000026801f3ea20 Thread added: 0x000002680500cf30
Event: 38.802 Thread 0x0000026801f3ea20 Thread added: 0x0000026805010a40
Event: 38.802 Thread 0x0000026801f3ea20 Thread added: 0x00000268050103b0
Event: 38.803 Thread 0x0000026801f3ea20 Thread added: 0x000002680500d5c0
Event: 38.804 Thread 0x0000026801f3ea20 Thread added: 0x00000268050110d0
Event: 38.804 Thread 0x0000026801f3ea20 Thread added: 0x000002680500dc50
Event: 38.804 Thread 0x0000026801f3ea20 Thread added: 0x000002680500e2e0
Event: 38.927 Thread 0x0000026801f3ea20 Thread added: 0x0000026805011760
Event: 38.962 Thread 0x00000268394937e0 Thread added: 0x0000026804bb7530
Event: 39.118 Thread 0x00000268394a2470 Thread added: 0x0000026804bbb280
Event: 40.038 Thread 0x0000026804bbb280 Thread exited: 0x0000026804bbb280
Event: 40.039 Thread 0x0000026804bb7530 Thread exited: 0x0000026804bb7530
Event: 40.669 Thread 0x00000268394a2470 Thread added: 0x0000026804052ba0
Event: 40.900 Thread 0x00000268394a2470 Thread added: 0x0000026804bb7530


Dynamic libraries:
0x00007ff7ed210000 - 0x00007ff7ed21e000 	C:\Program Files\Eclipse Adoptium\jdk-21.0.6.7-hotspot\bin\java.exe
0x00007ff80fd00000 - 0x00007ff80ff66000 	C:\WINDOWS\SYSTEM32\ntdll.dll
0x00007ff80f350000 - 0x00007ff80f419000 	C:\WINDOWS\System32\KERNEL32.DLL
0x00007ff80d370000 - 0x00007ff80d76f000 	C:\WINDOWS\System32\KERNELBASE.dll
0x00007ff809250000 - 0x00007ff8092ef000 	C:\WINDOWS\SYSTEM32\apphelp.dll
0x00007ff80d080000 - 0x00007ff80d1cc000 	C:\WINDOWS\System32\ucrtbase.dll
0x00007ff803d30000 - 0x00007ff803d48000 	C:\Program Files\Eclipse Adoptium\jdk-21.0.6.7-hotspot\bin\jli.dll
0x00007ff8045e0000 - 0x00007ff8045fe000 	C:\Program Files\Eclipse Adoptium\jdk-21.0.6.7-hotspot\bin\VCRUNTIME140.dll
0x00007ff80e930000 - 0x00007ff80eaf6000 	C:\WINDOWS\System32\USER32.dll
0x00007fffe9180000 - 0x00007fffe9411000 	C:\WINDOWS\WinSxS\amd64_microsoft.windows.common-controls_6595b64144ccf1df_6.0.26100.8972_none_3e0da176e32f9d4b\COMCTL32.dll
0x00007ff80da00000 - 0x00007ff80da27000 	C:\WINDOWS\System32\win32u.dll
0x00007ff80eb90000 - 0x00007ff80ebbb000 	C:\WINDOWS\System32\GDI32.dll
0x00007ff80f420000 - 0x00007ff80f4c9000 	C:\WINDOWS\System32\msvcrt.dll
0x00007ff80d840000 - 0x00007ff80d969000 	C:\WINDOWS\System32\gdi32full.dll
0x00007ff80cf10000 - 0x00007ff80cfb3000 	C:\WINDOWS\System32\msvcp_win.dll
0x00007ff80f4d0000 - 0x00007ff80f502000 	C:\WINDOWS\System32\IMM32.DLL
0x00007ff804160000 - 0x00007ff80416c000 	C:\Program Files\Eclipse Adoptium\jdk-21.0.6.7-hotspot\bin\vcruntime140_1.dll
0x00007fffef700000 - 0x00007fffef78d000 	C:\Program Files\Eclipse Adoptium\jdk-21.0.6.7-hotspot\bin\msvcp140.dll
0x00007fff58c80000 - 0x00007fff59a10000 	C:\Program Files\Eclipse Adoptium\jdk-21.0.6.7-hotspot\bin\server\jvm.dll
0x00007ff80da30000 - 0x00007ff80daec000 	C:\WINDOWS\System32\ADVAPI32.dll
0x00007ff80f590000 - 0x00007ff80f63a000 	C:\WINDOWS\System32\sechost.dll
0x00007ff80e190000 - 0x00007ff80e2a8000 	C:\WINDOWS\System32\RPCRT4.dll
0x00007ff80e0d0000 - 0x00007ff80e152000 	C:\WINDOWS\System32\WS2_32.dll
0x00007ff80cd70000 - 0x00007ff80cdce000 	C:\WINDOWS\SYSTEM32\POWRPROF.dll
0x00007ff80a640000 - 0x00007ff80a676000 	C:\WINDOWS\SYSTEM32\WINMM.dll
0x00007ff803930000 - 0x00007ff80393b000 	C:\WINDOWS\SYSTEM32\VERSION.dll
0x00007ff80cd50000 - 0x00007ff80cd65000 	C:\WINDOWS\SYSTEM32\UMPDC.dll
0x00007ff80bbc0000 - 0x00007ff80bbdb000 	C:\WINDOWS\SYSTEM32\kernel.appcore.dll
0x00007ff803da0000 - 0x00007ff803daa000 	C:\Program Files\Eclipse Adoptium\jdk-21.0.6.7-hotspot\bin\jimage.dll
0x00007ff80a1e0000 - 0x00007ff80a422000 	C:\WINDOWS\SYSTEM32\DBGHELP.DLL
0x00007ff80e340000 - 0x00007ff80e6c5000 	C:\WINDOWS\System32\combase.dll
0x00007ff80db60000 - 0x00007ff80dc39000 	C:\WINDOWS\System32\OLEAUT32.dll
0x00007ff80a600000 - 0x00007ff80a63b000 	C:\WINDOWS\SYSTEM32\dbgcore.DLL
0x00007ff80cfc0000 - 0x00007ff80d06c000 	C:\WINDOWS\System32\bcryptPrimitives.dll
0x00007fffef6c0000 - 0x00007fffef6cf000 	C:\Program Files\Eclipse Adoptium\jdk-21.0.6.7-hotspot\bin\instrument.dll
0x00007fffeff00000 - 0x00007fffeff1f000 	C:\Program Files\Eclipse Adoptium\jdk-21.0.6.7-hotspot\bin\java.dll
0x00007ff80ebc0000 - 0x00007ff80f348000 	C:\WINDOWS\System32\SHELL32.dll
0x00007ff80a980000 - 0x00007ff80b21b000 	C:\WINDOWS\SYSTEM32\windows.storage.dll
0x00007ff80dfa0000 - 0x00007ff80e099000 	C:\WINDOWS\System32\SHCORE.dll
0x00007ff80f640000 - 0x00007ff80f6a6000 	C:\WINDOWS\System32\shlwapi.dll
0x00007ff80ce30000 - 0x00007ff80ce59000 	C:\WINDOWS\SYSTEM32\profapi.dll
0x00007fffbefc0000 - 0x00007fffbf097000 	C:\Program Files\Eclipse Adoptium\jdk-21.0.6.7-hotspot\bin\jsvml.dll
0x00007fffef870000 - 0x00007fffef888000 	C:\Program Files\Eclipse Adoptium\jdk-21.0.6.7-hotspot\bin\zip.dll
0x00007ff803d20000 - 0x00007ff803d30000 	C:\Program Files\Eclipse Adoptium\jdk-21.0.6.7-hotspot\bin\net.dll
0x00007ffff9cf0000 - 0x00007ffff9e18000 	C:\WINDOWS\SYSTEM32\WINHTTP.dll
0x00007ff80c150000 - 0x00007ff80c1bc000 	C:\WINDOWS\system32\mswsock.dll
0x00007fffefbc0000 - 0x00007fffefbd6000 	C:\Program Files\Eclipse Adoptium\jdk-21.0.6.7-hotspot\bin\nio.dll
0x00007ffff8860000 - 0x00007ffff8870000 	C:\Program Files\Eclipse Adoptium\jdk-21.0.6.7-hotspot\bin\verify.dll
0x00007fffef6d0000 - 0x00007fffef6f7000 	C:\Users\DELL\.gradle\native\1def1411415f61bf3af743bc5b6707747c0891f09f0c88961ee8f79bc544acac\windows-amd64\native-platform.dll
0x00007fffbef40000 - 0x00007fffbefb8000 	C:\Users\DELL\.gradle\native\0.2.7\x86_64-windows-gnu\gradle-fileevents.dll
0x00007ff804080000 - 0x00007ff80408a000 	C:\Program Files\Eclipse Adoptium\jdk-21.0.6.7-hotspot\bin\management.dll
0x00007ff804070000 - 0x00007ff80407b000 	C:\Program Files\Eclipse Adoptium\jdk-21.0.6.7-hotspot\bin\management_ext.dll
0x00007ff80db50000 - 0x00007ff80db58000 	C:\WINDOWS\System32\PSAPI.DLL
0x00007ff80b5c0000 - 0x00007ff80b5f3000 	C:\WINDOWS\SYSTEM32\IPHLPAPI.DLL
0x00007ff80e180000 - 0x00007ff80e18a000 	C:\WINDOWS\System32\NSI.dll
0x00007ff804060000 - 0x00007ff804069000 	C:\Program Files\Eclipse Adoptium\jdk-21.0.6.7-hotspot\bin\extnet.dll
0x00007ff80c570000 - 0x00007ff80c58b000 	C:\WINDOWS\SYSTEM32\CRYPTSP.dll
0x00007ff80bb20000 - 0x00007ff80bb59000 	C:\WINDOWS\system32\rsaenh.dll
0x00007ff80c200000 - 0x00007ff80c232000 	C:\WINDOWS\SYSTEM32\USERENV.dll
0x00007ff80ce00000 - 0x00007ff80ce2a000 	C:\WINDOWS\SYSTEM32\bcrypt.dll
0x00007ff80c3b0000 - 0x00007ff80c3bc000 	C:\WINDOWS\SYSTEM32\CRYPTBASE.dll
0x00007fffef6b0000 - 0x00007fffef6be000 	C:\Program Files\Eclipse Adoptium\jdk-21.0.6.7-hotspot\bin\sunmscapi.dll
0x00007ff80d1e0000 - 0x00007ff80d35e000 	C:\WINDOWS\System32\CRYPT32.dll
0x00007ff80c6e0000 - 0x00007ff80c710000 	C:\WINDOWS\SYSTEM32\ncrypt.dll
0x00007ff80c690000 - 0x00007ff80c6cf000 	C:\WINDOWS\SYSTEM32\NTASN1.dll
0x00007ffff1f40000 - 0x00007ffff1f48000 	C:\WINDOWS\system32\wshunix.dll

dbghelp: loaded successfully - version: 4.0.5 - missing functions: none
symbol engine: initialized successfully - sym options: 0x614 - pdb path: .;C:\Program Files\Eclipse Adoptium\jdk-21.0.6.7-hotspot\bin;C:\WINDOWS\SYSTEM32;C:\WINDOWS\WinSxS\amd64_microsoft.windows.common-controls_6595b64144ccf1df_6.0.26100.8972_none_3e0da176e32f9d4b;C:\Program Files\Eclipse Adoptium\jdk-21.0.6.7-hotspot\bin\server;C:\Users\DELL\.gradle\native\1def1411415f61bf3af743bc5b6707747c0891f09f0c88961ee8f79bc544acac\windows-amd64;C:\Users\DELL\.gradle\native\0.2.7\x86_64-windows-gnu

VM Arguments:
jvm_args: --add-opens=java.base/java.lang=ALL-UNNAMED --add-opens=java.base/java.lang.invoke=ALL-UNNAMED --add-opens=java.base/java.util=ALL-UNNAMED --add-opens=java.prefs/java.util.prefs=ALL-UNNAMED --add-exports=jdk.compiler/com.sun.tools.javac.api=ALL-UNNAMED --add-exports=jdk.compiler/com.sun.tools.javac.util=ALL-UNNAMED --add-opens=java.base/java.util=ALL-UNNAMED --add-opens=java.prefs/java.util.prefs=ALL-UNNAMED --add-opens=java.base/java.nio.charset=ALL-UNNAMED --add-opens=java.base/java.net=ALL-UNNAMED --add-opens=java.base/java.util.concurrent.atomic=ALL-UNNAMED --add-opens=java.xml/javax.xml.namespace=ALL-UNNAMED -Xmx3g -Dfile.encoding=UTF-8 -Duser.country=US -Duser.language=en -Duser.variant -javaagent:C:\Users\DELL\.gradle\wrapper\dists\gradle-8.14.3-all\10utluxaxniiv4wxiphsi49nj\gradle-8.14.3\lib\agents\gradle-instrumentation-agent-8.14.3.jar 
java_command: org.gradle.launcher.daemon.bootstrap.GradleDaemon 8.14.3
java_class_path (initial): C:\Users\DELL\.gradle\wrapper\dists\gradle-8.14.3-all\10utluxaxniiv4wxiphsi49nj\gradle-8.14.3\lib\gradle-daemon-main-8.14.3.jar
Launcher Type: SUN_STANDARD

[Global flags]
     intx CICompilerCount                          = 4                                         {product} {ergonomic}
     uint ConcGCThreads                            = 3                                         {product} {ergonomic}
     uint G1ConcRefinementThreads                  = 10                                        {product} {ergonomic}
   size_t G1HeapRegionSize                         = 2097152                                   {product} {ergonomic}
    uintx GCDrainStackTargetSize                   = 64                                        {product} {ergonomic}
   size_t InitialHeapSize                          = 532676608                                 {product} {ergonomic}
   size_t MarkStackSize                            = 4194304                                   {product} {ergonomic}
   size_t MaxHeapSize                              = 3221225472                                {product} {command line}
   size_t MaxNewSize                               = 1931476992                                {product} {ergonomic}
   size_t MinHeapDeltaBytes                        = 2097152                                   {product} {ergonomic}
   size_t MinHeapSize                              = 8388608                                   {product} {ergonomic}
    uintx NonNMethodCodeHeapSize                   = 5839372                                {pd product} {ergonomic}
    uintx NonProfiledCodeHeapSize                  = 122909434                              {pd product} {ergonomic}
    uintx ProfiledCodeHeapSize                     = 122909434                              {pd product} {ergonomic}
    uintx ReservedCodeCacheSize                    = 251658240                              {pd product} {ergonomic}
     bool SegmentedCodeCache                       = true                                      {product} {ergonomic}
   size_t SoftMaxHeapSize                          = 3221225472                             {manageable} {ergonomic}
     bool UseCompressedOops                        = true                           {product lp64_product} {ergonomic}
     bool UseG1GC                                  = true                                      {product} {ergonomic}
     bool UseLargePagesIndividualAllocation        = false                                  {pd product} {ergonomic}

Logging:
Log output configuration:
 #0: stdout all=warning uptime,level,tags foldmultilines=false
 #1: stderr all=off uptime,level,tags foldmultilines=false

Environment Variables:
JAVA_HOME=C:\Program Files\Eclipse Adoptium\jdk-21.0.6.7-hotspot
PATH=C:\Users\DELL\bin;C:\Program Files\Git\mingw64\bin;C:\Program Files\Git\usr\local\bin;C:\Program Files\Git\usr\bin;C:\Program Files\Git\usr\bin;C:\Program Files\Git\mingw64\bin;C:\Program Files\Git\usr\bin;C:\Users\DELL\bin;C:\Program Files (x86)\Common Files\Intel\Shared Libraries\redist\intel64_win\compiler;C:\Program Files\Eclipse Adoptium\jdk-21.0.6.7-hotspot\bin;C:\Users\DELL\AppData\Local\Packages\PythonSoftwareFoundation.Python.3.13_qbz5n2kfra8p0\LocalCache\local-packages\Python313\Scripts;C:\Windows\system32;C:\Windows;C:\Windows\System32\Wbem;C:\Windows\System32\WindowsPowerShell\v1.0;C:\Windows\System32\OpenSSH;C:\Program Files\dotnet;C:\ProgramData\chocolatey\bin;C:\Users\DELL\AppData\Local\Programs\cursor\resources\app\bin;C:\Users\DELL\anaconda3;C:\Users\DELL\anaconda3\Scripts;C:\Users\DELL\anaconda3\Library\bin;C:\TDM-GCC-64\bin;C:\Users\DELL\.cargo\bin;C:\Program Files\sqlite;C:\Program Files\MongoDB\Server\8.0\bin;C:\Users\DELL\AppData\Roaming\npm;C:\WINDOWS\system32;C:\WINDOWS;C:\WINDOWS\System32\Wbem;C:\WINDOWS\System32\WindowsPowerShell\v1.0;C:\WINDOWS\System32\OpenSSH;C:\Program Files\graphviz-12.2.1\windows\bin;C:\Program Files\Java\jdk-23;C:\Program Files\Java\jdk-23\bin;C:\Program Files\nodejs;C:\Users\DELL\.local\bin\claude.exe;C:\Program Files\Git\cmd;C:\Program Files\Docker\Docker\resources\bin;C:\Users\DELL\AppData\Local\Programs\Python\Python311\Scripts;C:\Users\DELL\AppData\Local\Programs\Python\Python311;C:\Users\DELL\AppData\Local\Microsoft\WindowsApps;C:\Users\DELL\AppData\Local\Programs\Microsoft VS Code\bin;C:\Users\DELL\.dotnet\tools;C:\msys64;C:\Program Files\JetBrains\PyCharm 2024.3.3\bin;C:\Program Files\JetBrains\PyCharm Community Edition 2024.3.5\bin;C:\Users\DELL\AppData\Local\Google\Cloud SDK\google-cloud-sdk\bin;C:\Users\DELL\AppData\Local\Programs\Python\Python315;C:\Users\DELL\AppData\Local\Programs\Python\Python312;C:\Users\DELL\AppData\Local\Programs\Python\Python311;C:\Program Files\nodejs;C:\Program Files\Git\mingw64\bin;C:\Program Files\Git\usr\bin\vendor_perl;C:\Program Files\Git\usr\bin\core_perl;C:\Users\DELL\AppData\Roaming\Claude\local-agent-mode-sessions\14838bfd-2a6a-42f7-9afc-92f10d39c901\503edf86-930f-425e-9943-bd7b286f410c\rpm\plugin_011v5h6QUzBZvas64y44XLhy\bin;C:\Users\DELL\AppData\Roaming\Claude\local-agent-mode-sessions\14838bfd-2a6a-42f7-9afc-92f10d39c901\503edf86-930f-425e-9943-bd7b286f410c\rpm\plugin_012ABz1xjgtJYWKrcJkXW6ad\bin;C:\Users\DELL\AppData\Roaming\Claude\local-agent-mode-sessions\14838bfd-2a6a-42f7-9afc-92f10d39c901\503edf86-930f-425e-9943-bd7b286f410c\rpm\plugin_014WxCYbLf7f3uw2isHFR9US\bin;C:\Users\DELL\AppData\Roaming\Claude\local-agent-mode-sessions\14838bfd-2a6a-42f7-9afc-92f10d39c901\503edf86-930f-425e-9943-bd7b286f410c\rpm\plugin_0155zZVATbJU3jHUmPP9NvMC\bin;C:\Users\DELL\AppData\Roaming\Claude\local-agent-mode-sessions\14838bfd-2a6a-42f7-9afc-92f10d39c901\503edf86-930f-425e-9943-bd7b286f410c\rpm\plugin_019iPNgSpqW7kdNT72VAaUud\bin;C:\Users\DELL\AppData\Roaming\Claude\local-agent-mode-sessions\14838bfd-2a6a-42f7-9afc-92f10d39c901\503edf86-930f-425e-9943-bd7b286f410c\rpm\plugin_019TBdWa5NQJJuDFmEc4k6BJ\bin;C:\Users\DELL\AppData\Roaming\Claude\local-agent-mode-sessions\14838bfd-2a6a-42f7-9afc-92f10d39c901\503edf86-930f-425e-9943-bd7b286f410c\rpm\plugin_019XQ3kYMHjpnY1RcxCZttGb\bin;C:\Users\DELL\AppData\Roaming\Claude\local-agent-mode-sessions\14838bfd-2a6a-42f7-9afc-92f10d39c901\503edf86-930f-425e-9943-bd7b286f410c\rpm\plugin_01AYHYqVLaZRH2Vi6aHgDwEw\bin;C:\Users\DELL\AppData\Roaming\Claude\local-agent-mode-sessions\14838bfd-2a6a-42f7-9afc-92f10d39c901\503edf86-930f-425e-9943-bd7b286f410c\rpm\plugin_01BYoFffWxgV8R5TZ6fEVCih\bin;C:\Users\DELL\AppData\Roaming\Claude\local-agent-mode-sessions\14838bfd-2a6a-42f7-9afc-92f10d39c901\503edf86-930f-425e-9943-bd7b286f410c\rpm\plugin_01FTLa86dhbVJ3HB1LdHdhN7\bin;C:\Users\DELL\AppData\Roaming\Claude\local-agent-mode-sessions\14838bfd-2a6a-42f7-9afc-92f10d39c901\503edf86-930f-425e-9943-bd7b286f410c\rpm\plugin_01KmRfL8EXGF3PeqMRzef1TR\bin;C:\Users\DELL\AppData\Roaming\Claude\local-agent-mode-sessions\14838bfd-2a6a-42f7-9afc-92f10d39c901\503edf86-930f-425e-9943-bd7b286f410c\rpm\plugin_01VTbvGZYaCVU2CNSvhDCnkg\bin;C:\Users\DELL\AppData\Roaming\Claude\local-agent-mode-sessions\14838bfd-2a6a-42f7-9afc-92f10d39c901\503edf86-930f-425e-9943-bd7b286f410c\rpm\plugin_01XXJmxLXPEhPMmnxmrgntNw\bin;C:\Users\DELL\AppData\Roaming\Claude\local-agent-mode-sessions\skills-plugin\503edf86-930f-425e-9943-bd7b286f410c\14838bfd-2a6a-42f7-9afc-92f10d39c901\bin
USERNAME=DELL
SHELL=C:\Program Files\Git\usr\bin\bash.exe
TERM=xterm-256color
OS=Windows_NT
PROCESSOR_IDENTIFIER=Intel64 Family 6 Model 186 Stepping 3, GenuineIntel
TMP=C:\Users\DELL\AppData\Local\Temp
TEMP=C:\Users\DELL\AppData\Local\Temp




Periodic native trim disabled

---------------  S Y S T E M  ---------------

OS:
 Windows 11 , 64 bit Build 26100 (10.0.26100.9168)
OS uptime: 3 days 1:55 hours
Hyper-V role detected

CPU: total 12 (initial active 12) (6 cores per cpu, 2 threads per core) family 6 model 186 stepping 3 microcode 0x4128, cx8, cmov, fxsr, ht, mmx, 3dnowpref, sse, sse2, sse3, ssse3, sse4.1, sse4.2, popcnt, lzcnt, tsc, tscinvbit, avx, avx2, aes, erms, clmul, bmi1, bmi2, adx, sha, fma, vzeroupper, clflush, clflushopt, clwb, hv, serialize, rdtscp, rdpid, fsrm, f16c, cet_ibt, cet_ss
Processor Information for processor 0
  Max Mhz: 1700, Current Mhz: 1700, Mhz Limit: 1700
Processor Information for processor 1
  Max Mhz: 1700, Current Mhz: 1700, Mhz Limit: 1700
Processor Information for processor 2
  Max Mhz: 1700, Current Mhz: 1700, Mhz Limit: 1700
Processor Information for processor 3
  Max Mhz: 1700, Current Mhz: 1700, Mhz Limit: 1700
Processor Information for processor 4
  Max Mhz: 1700, Current Mhz: 1700, Mhz Limit: 1700
Processor Information for processor 5
  Max Mhz: 1700, Current Mhz: 1700, Mhz Limit: 1700
Processor Information for processor 6
  Max Mhz: 1700, Current Mhz: 1700, Mhz Limit: 1700
Processor Information for processor 7
  Max Mhz: 1700, Current Mhz: 1558, Mhz Limit: 1700
Processor Information for processor 8
  Max Mhz: 1700, Current Mhz: 1558, Mhz Limit: 1700
Processor Information for processor 9
  Max Mhz: 1700, Current Mhz: 1700, Mhz Limit: 1700
Processor Information for processor 10
  Max Mhz: 1700, Current Mhz: 1700, Mhz Limit: 1700
Processor Information for processor 11
  Max Mhz: 1700, Current Mhz: 1700, Mhz Limit: 1700

Memory: 4k page, system-wide physical 32452M (7398M free)
TotalPageFile size 116065M (AvailPageFile size 6M)
current process WorkingSet (physical memory assigned to process): 586M, peak: 586M
current process commit charge ("private bytes"): 644M, peak: 711M

vm_info: OpenJDK 64-Bit Server VM (21.0.6+7-LTS) for windows-amd64 JRE (21.0.6+7-LTS), built on 2025-01-21T00:00:00Z by "admin" with MS VC++ 17.7 (VS2022)

END.
